"slug","name","location","minHourlySalary","maxHourlySalary","avgHourlySalary","salaryCurrency","totRating","avgRating","totLearningMentorshipRating","avgLearningMentorshipRating","totMeaningfulWorkRating","avgMeaningfulWorkRating","totWorkLifeBalanceRating","avgWorkLifeBalanceRating","uniqueIdentifier","numRatings"
"software-developer-in-test","Software Developer In Test","Ottawa, ON, Canada",22,22,22,"CAD",4,"4.0",3,"3.0",4,"4.0",5,"5.0","j231c186",1
"software-developer-intern","Software Developer Intern","Santa Monica, CA, USA",35,44,39,"USD",10,"5.0",10,"5.0",8,"4.0",10,"5.0","j36c19",2
"software-engineer","Software Engineer","San Francisco, CA, USA",44,44,44,"USD",4,"4.0",4,"4.0",3,"3.0",5,"5.0","j40c25",1
"android-software-engineer","Android Software Engineer","Mountain View, CA, USA",50,50,50,"USD",5,"5.0",5,"5.0",5,"5.0",4,"4.0","j12c11",1
"software-engineer","Software Engineer","Palo Alto, CA, USA",60,60,60,"USD",8,"4.0",8,"4.0",8,"4.0",10,"5.0","j14c1",2
"mobile-engineer","Mobile Engineer","San Francisco, CA, USA",35,38,37,"USD",8,"4.0",8,"4.0",8,"4.0",10,"5.0","j39c81",2
"software-engineer","Software Engineer","Palo Alto, CA, USA",46,46,46,"USD",4,"4.0",5,"5.0",4,"4.0",4,"4.0","j37c4",1
"technical-analystdeveloper","Technical Analyst/Developer","Toronto, ON, Canada",20,20,20,"CAD",2,"2.0",2,"2.0",2,"2.0",3,"3.0","j49c87",1
"software-engineer","Software Engineer","Tokyo, Japan",1563,2500,2031,"JPY",9,"4.5",8,"4.0",7,"3.5",9,"4.5","j19c27",2
"software-engineer","Software Engineer","Mountain View, CA, USA",38,63,46,"USD",27,"4.5",29,"4.8",25,"4.2",24,"4.0","j15c17",6
"software-engineer","Software Engineer","Menlo Park, CA, USA",50,50,50,"USD",46,"4.2",44,"4.0",41,"3.7",43,"3.9","j30c14",11
"internal-applications-engineer","Internal Applications Engineer","Palo Alto, CA, USA",47,47,47,"USD",4,"4.0",5,"5.0",4,"4.0",4,"4.0","j1c32",1
"qa-developer","QA Developer","Toronto, ON, Canada",30,30,30,"CAD",4,"4.0",4,"4.0",3,"3.0",4,"4.0","j10c64",1
"software-engineer","Software Engineer","Foster City, CA, USA",34,34,34,"USD",9,"4.5",9,"4.5",10,"5.0",7,"3.5","j32c76",2
"native-app-developer","Native App Developer","Toronto, ON, Canada",19,19,19,"CAD",4,"4.0",4,"4.0",4,"4.0",5,"5.0","j417c248",1
"android-shield-engineer","Android Shield Engineer","Austin, TX, USA",32,32,32,"USD",4,"4.0",5,"5.0",4,"4.0",5,"5.0","j9c30",1
"software-developer","Software Developer","Toronto, ON, Canada",33,34,33,"CAD",13,"4.3",14,"4.7",11,"3.7",14,"4.7","j11c65",3
"3d-software-developer","3D Software Developer","Toronto, ON, Canada",29,38,33,"CAD",12,"4.0",11,"3.7",14,"4.7",8,"2.7","j25c71",3
"software-engineer","Software Engineer","San Francisco, CA, USA",0,69,42,"USD",47,"4.7",48,"4.8",47,"4.7",39,"3.9","j38c52",10
"software-engineer","Software Engineer","Vancouver, BC, Canada",28,41,34,"CAD",27,"4.5",26,"4.3",29,"4.8",28,"4.7","j16c67",6
"software-engineer","Software Engineer","Los Angeles, CA, USA",56,154,68,"USD",38,"4.2",38,"4.2",39,"4.3",38,"4.2","j2c42",9
"technical-writer","Technical Writer","San Francisco, CA, USA",33,33,33,"USD",5,"5.0",5,"5.0",4,"4.0",3,"3.0","j18c17",1
"software-engineer","Software Engineer","Dublin, Ireland",53,53,53,"EUR",5,"5.0",4,"4.0",5,"5.0",3,"3.0","j20c68",1
"portfolio-engineering","Portfolio Engineering","Toronto, ON, Canada",25,25,25,"CAD",4,"4.0",4,"4.0",4,"4.0",5,"5.0","j26c72",1
"software-engineer","Software Engineer","Bellevue, WA, USA",44,44,44,"USD",4,"4.0",4,"4.0",4,"4.0",2,"2.0","j22c27",1
"software-engineer","Software Engineer","Toronto, ON, Canada",16,16,16,"CAD",4,"4.0",5,"5.0",3,"3.0",4,"4.0","j23c69",1
"mobile-application-and-system-developer","Mobile Application And System Developer","Toronto, ON, Canada",13,13,13,"CAD",4,"4.0",1,"1.0",4,"4.0",5,"5.0","j24c70",1
"ios-developer","iOS Developer","New York, NY, USA",38,38,38,"USD",5,"5.0",5,"5.0",5,"5.0",5,"5.0","j6c54",1
"algorithm-developer","Algorithm Developer","Toronto, ON, Canada",20,20,20,"CAD",5,"5.0",5,"5.0",4,"4.0",5,"5.0","j27c73",1
"software-developer","Software Developer","Chicago, IL, USA",30,30,30,"USD",4,"4.0",4,"4.0",3,"3.0",5,"5.0","j28c74",1
"developer","Developer","Vancouver, BC, Canada",18,18,18,"CAD",5,"5.0",5,"5.0",4,"4.0",4,"4.0","j31c75",1
"android-engineer","Android Engineer","New York, NY, USA",50,50,50,"USD",5,"5.0",5,"5.0",5,"5.0",5,"5.0","j5c53",1
"intern","Intern","Toronto, ON, Canada",11,11,11,"CAD",5,"5.0",5,"5.0",5,"5.0",5,"5.0","j34c78",1
"software-engineering-intern","Software Engineering Intern","San Francisco, CA, USA",40,40,40,"USD",4,"4.0",3,"3.0",4,"4.0",4,"4.0","j33c77",1
"social-media-intern","Social Media Intern","Markham, ON, Canada",15,15,15,"CAD",2,"2.0",3,"3.0",1,"1.0",3,"3.0","j35c79",1
"software-engineer","Software Engineer","New York, NY, USA",38,54,46,"USD",14,"4.7",14,"4.7",10,"3.3",13,"4.3","j3c59",3
"computational-science-researcher","Computational Science Researcher","Toronto, ON, Canada",25,25,25,"CAD",5,"5.0",5,"5.0",5,"5.0",5,"5.0","j42c82",1
"software-engineer","Software Engineer","New York, NY, USA",50,50,50,"USD",5,"5.0",4,"4.0",4,"4.0",5,"5.0","j41c54",1
"software-developer","Software Developer","Kitchener, ON, Canada",20,20,20,"CAD",5,"5.0",5,"5.0",4,"4.0",5,"5.0","j43c83",1
"software-engineer","Software Engineer","Toronto, ON, Canada",20,20,20,"CAD",2,"2.0",2,"2.0",1,"1.0",5,"5.0","j44c84",1
"software-engineer","Software Engineer","Waterloo, ON, Canada",20,20,20,"CAD",2,"2.0",1,"1.0",1,"1.0",5,"5.0","j45c39",1
"android-developer","Android Developer","Waterloo, ON, Canada",24,25,24,"CAD",9,"4.5",9,"4.5",8,"4.0",9,"4.5","j13c66",2
"business-systems-analyst","Business Systems Analyst","Toronto, ON, Canada",19,19,19,"CAD",3,"3.0",3,"3.0",1,"1.0",3,"3.0","j47c85",1
"systems-developer","Systems Developer","Toronto, ON, Canada",13,13,13,"CAD",1,"1.0",1,"1.0",1,"1.0",1,"1.0","j48c86",1
"android-engineer","Android Engineer","Waterloo, ON, Canada",22,22,22,"CAD",5,"5.0",5,"5.0",5,"5.0",5,"5.0","j8c66",1
"software-engineer","Software Engineer","Bellevue, WA, USA",35,35,35,"USD",7,"3.5",7,"3.5",8,"4.0",9,"4.5","j21c21",2
"software-engineer","Software Engineer","San Francisco, CA, USA",41,47,43,"USD",13,"4.3",14,"4.7",12,"4.0",15,"5.0","j29c28",3
"software-engineer","Software Engineer","San Francisco, CA, USA",45,45,45,"USD",9,"4.5",10,"5.0",8,"4.0",10,"5.0","j4c49",2
"software-developer","Software Developer","Kitchener, ON, Canada",19,19,19,"CAD",3,"3.0",3,"3.0",4,"4.0",3,"3.0","j51c89",1
"hardware-intern","Hardware Intern","Somerville, MA, USA",26,26,26,"USD",5,"5.0",5,"5.0",5,"5.0",5,"5.0","j232c187",1
"special-projects-group","Special Projects Group","Cambridge, MA, USA",22,22,22,"USD",5,"5.0",5,"5.0",5,"5.0",5,"5.0","j233c188",1
"summer-technology-analyst","Summer Technology Analyst","Jersey City, NJ, USA",39,39,39,"USD",3,"3.0",2,"2.0",3,"3.0",5,"5.0","j56c93",1
"java-programmer","Java Programmer","Burlington, ON, Canada",9,9,9,"CAD",4,"4.0",4,"4.0",4,"4.0",4,"4.0","j59c94",1
"software-developer","Software Developer","Waterloo, ON, Canada",20,22,21,"CAD",12,"4.0",14,"4.7",12,"4.0",14,"4.7","j64c62",3
"research-and-development-intern","Research And Development Intern","London, UK",20,20,20,"GBP",4,"4.0",4,"4.0",3,"3.0",5,"5.0","j88c8",1
"product-designer","Product Designer","New York, NY, USA",16,16,16,"USD",4,"4.0",4,"4.0",2,"2.0",5,"5.0","j236c190",1
"co-op","Co Op","Toronto, ON, Canada",26,26,26,"CAD",4,"4.0",3,"3.0",3,"3.0",4,"4.0","j54c92",1
"software-developer","Software Developer","Toronto, ON, Canada",23,23,23,"CAD",4,"4.0",4,"4.0",5,"5.0",3,"3.0","j418c249",1
"technical-systems-analyst","Technical Systems Analyst","Toronto, ON, Canada",18,21,19,"CAD",17,"3.4",15,"3.0",13,"2.6",23,"4.6","j235c189",5
"data-scientist","Data Scientist","Menlo Park, CA, USA",43,43,43,"USD",5,"5.0",5,"5.0",5,"5.0",5,"5.0","j63c14",1
"software-developer","Software Developer","Kitchener, ON, Canada",16,16,16,"CAD",4,"4.0",4,"4.0",4,"4.0",5,"5.0","j65c96",1
"android-developer","Android Developer","Toronto, ON, Canada",23,23,23,"CAD",8,"4.0",8,"4.0",7,"3.5",10,"5.0","j237c189",2
"software-engineering-intern","Software Engineering Intern","San Mateo, CA, USA",59,59,59,"USD",5,"5.0",5,"5.0",5,"5.0",5,"5.0","j67c97",1
"systems-integration-engineer","Systems Integration Engineer","Cupertino, CA, USA",35,35,35,"USD",4,"4.0",4,"4.0",3,"3.0",4,"4.0","j69c5",1
"electrical-engineer","Electrical Engineer","Redwood City, CA, USA",36,36,36,"USD",4,"4.0",3,"3.0",3,"3.0",5,"5.0","j70c98",1
"electronics-engineer","Electronics Engineer","Calgary, AB, Canada",29,29,29,"CAD",5,"5.0",5,"5.0",5,"5.0",5,"5.0","j71c99",1
"3ds-max-cloud-rendering-developer","3ds Max Cloud Rendering Developer","Montreal, QC, Canada",23,23,23,"CAD",5,"5.0",4,"4.0",5,"5.0",5,"5.0","j73c82",1
"backend-engineer","Backend Engineer","San Francisco, CA, USA",44,44,44,"USD",5,"5.0",5,"5.0",5,"5.0",4,"4.0","j75c52",1
"software-engineer","Software Engineer","Boston, MA, USA",44,44,44,"USD",3,"3.0",4,"4.0",4,"4.0",3,"3.0","j76c27",1
"solutions-developer","Solutions Developer","Kitchener, ON, Canada",18,18,18,"CAD",3,"3.0",3,"3.0",2,"2.0",5,"5.0","j238c191",1
"product-manager-intern","Product Manager Intern","Waterloo, ON, Canada",18,18,18,"CAD",4,"4.0",2,"2.0",5,"5.0",3,"3.0","j81c100",1
"grid-software-engineering","Grid Software Engineering","Austin, TX, USA",32,32,32,"USD",4,"4.0",5,"5.0",4,"4.0",5,"5.0","j239c30",1
"production-engineering","Production Engineering","Menlo Park, CA, USA",50,50,50,"USD",7,"3.5",6,"3.0",8,"4.0",6,"3.0","j74c14",2
"software-design-engineer-intern","Software Design Engineer Intern","Kirkland, WA, USA",31,31,31,"USD",4,"4.0",3,"3.0",4,"4.0",5,"5.0","j83c101",1
"software-engineering-intern","Software Engineering Intern","Mountain View, CA, USA",45,45,45,"USD",4,"4.0",5,"5.0",4,"4.0",5,"5.0","j85c24",1
"assistant-developer-intern","Assistant Developer Intern","Hong Kong",521,521,521,"HKD",5,"5.0",5,"5.0",4,"4.0",4,"4.0","j86c23",1
"software-engineering-intern","Software Engineering Intern","San Mateo, CA, USA",34,34,34,,0,"0.0",0,"0.0",0,"0.0",0,"0.0","j89c76",0
"platform-architecture-engineer","Platform Architecture Engineer","Cupertino, CA, USA",35,44,39,"USD",5,"2.5",6,"3.0",5,"2.5",6,"3.0","j68c5",2
"software-engineering-intern","Software Engineering Intern","San Francisco, CA, USA",53,57,56,"USD",20,"5.0",20,"5.0",18,"4.5",20,"5.0","j57c7",4
"quality-assurance-engineer","Quality Assurance Engineer","Toronto, ON, Canada",18,18,18,"CAD",2,"2.0",2,"2.0",1,"1.0",5,"5.0","j240c61",1
"software-engineering-intern","Software Engineering Intern","San Francisco, CA, USA",53,53,53,"USD",5,"5.0",5,"5.0",5,"5.0",5,"5.0","j95c103",1
"relevancy-engineer","Relevancy Engineer","San Francisco, CA, USA",50,50,50,"USD",5,"5.0",4,"4.0",5,"5.0",4,"4.0","j96c104",1
"software-developer","Software Developer","Toronto, ON, Canada",21,23,22,"CAD",8,"4.0",9,"4.5",8,"4.0",9,"4.5","j98c105",2
"net-web-application-developer",".Net Web Application Developer","Montreal, QC, Canada",16,16,16,"CAD",2,"2.0",3,"3.0",1,"1.0",3,"3.0","j50c88",1
"software-development-engineer-intern","Software Development Engineer Intern","Toronto, ON, Canada",33,33,33,"CAD",8,"4.0",10,"5.0",7,"3.5",9,"4.5","j93c4",2
"ios-developer","iOS Developer","Toronto, ON, Canada",19,23,21,"CAD",8,"4.0",7,"3.5",9,"4.5",9,"4.5","j79c64",2
"software-engineer","Software Engineer","San Francisco, CA, USA",34,38,36,"USD",10,"5.0",10,"5.0",10,"5.0",10,"5.0","j87c102",2
"software-engineer","Software Engineer","Seattle, WA, USA",50,50,50,"USD",9,"4.5",9,"4.5",9,"4.5",10,"5.0","j91c14",2
"software-developer","Software Developer","Calgary, AB, Canada",28,28,28,"CAD",8,"4.0",9,"4.5",10,"5.0",10,"5.0","j97c99",2
"software-developer","Software Developer","New York, NY, USA",40,50,43,"USD",13,"4.3",13,"4.3",12,"4.0",14,"4.7","j72c8",3
"research-analyst","Research Analyst","Toronto, ON, Canada",16,16,16,"CAD",4,"4.0",4,"4.0",4,"4.0",5,"5.0","j52c90",1
"investor-relations-analyst","Investor Relations Analyst","Toronto, ON, Canada",19,19,19,"CAD",3,"3.0",4,"4.0",3,"3.0",5,"5.0","j53c91",1
"search-intern","Search Intern","Palo Alto, CA, USA",59,59,59,"USD",5,"5.0",5,"5.0",5,"5.0",4,"4.0","j77c1",1
"bbm-engineer","BBM Engineer","Mississauga, ON, Canada",18,18,18,"CAD",4,"4.0",5,"5.0",4,"4.0",5,"5.0","j7c62",1
"software-developer","Software Developer","Toronto, ON, Canada",31,31,31,"CAD",5,"5.0",5,"5.0",5,"5.0",4,"4.0","j61c95",1
"software-design-intern","Software Design Intern","Ottawa, ON, Canada",20,20,20,"CAD",5,"5.0",5,"5.0",4,"4.0",5,"5.0","j419c250",1
"application-software-developer","Application Software Developer","Waterloo, ON, Canada",17,17,17,"CAD",4,"4.0",4,"4.0",3,"3.0",4,"4.0","j101c107",1
"solutions-developer","Solutions Developer","Kitchener, ON, Canada",21,21,21,"CAD",5,"5.0",5,"5.0",5,"5.0",4,"4.0","j103c109",1
"associate-business-analyst","Associate Business Analyst","Toronto, ON, Canada",20,20,20,"CAD",4,"4.0",4,"4.0",3,"3.0",5,"5.0","j248c194",1
"ios-developer-intern","iOS Developer Intern","San Francisco, CA, USA",53,53,53,"USD",4,"4.0",3,"3.0",4,"4.0",3,"3.0","j110c52",1
"software-developer-intern","Software Developer Intern","Germantown, MD, USA",20,20,20,"USD",4,"4.0",5,"5.0",4,"4.0",4,"4.0","j249c195",1
"software-engineering-intern","Software Engineering Intern","Toronto, ON, Canada",19,19,19,"CAD",4,"4.0",4,"4.0",3,"3.0",3,"3.0","j113c115",1
"software-engineer-intern","Software Engineer Intern","San Francisco, CA, USA",31,31,31,"USD",4,"4.0",5,"5.0",3,"3.0",5,"5.0","j115c117",1
"software-engineering-intern","Software Engineering Intern","San Francisco, CA, USA",44,47,45,"USD",8,"4.0",8,"4.0",9,"4.5",6,"3.0","j66c60",2
"sde-intern","SDE Intern","Seattle, WA, USA",38,38,38,"USD",4,"4.0",5,"5.0",4,"4.0",4,"4.0","j250c4",1
"audio-engineer","Audio Engineer","Waterloo, ON, Canada",20,20,20,"CAD",2,"2.0",1,"1.0",2,"2.0",4,"4.0","j120c120",1
"software-engineer-intern","Software Engineer Intern","Pasadena, CA, USA",15,15,15,"USD",4,"4.0",4,"4.0",4,"4.0",5,"5.0","j251c196",1
"software-engineering-intern","Software Engineering Intern","San Francisco, CA, USA",44,49,47,"USD",10,"5.0",10,"5.0",10,"5.0",10,"5.0","j111c45",2
"software-engineer","Software Engineer","San Francisco, CA, USA",40,65,53,"USD",7,"3.5",7,"3.5",8,"4.0",8,"4.0","j144c3",2
"software-engineer","Software Engineer","Vancouver, BC, Canada",25,25,25,"CAD",4,"4.0",5,"5.0",5,"5.0",3,"3.0","j137c27",1
"software-engineer-intern","Software Engineer Intern","San Francisco, CA, USA",47,58,54,"USD",14,"4.7",10,"3.3",14,"4.7",13,"4.3","j109c114",3
"program-manager","Program Manager","Redmond, WA, USA",44,45,45,"USD",8,"4.0",8,"4.0",7,"3.5",10,"5.0","j247c27",2
"software-developer-intern","Software Developer Intern","Montreal, QC, Canada",21,23,22,"CAD",13,"4.3",13,"4.3",14,"4.7",15,"5.0","j147c82",3
"software-engineer","Software Engineer","San Francisco, CA, USA",40,40,40,"USD",3,"3.0",3,"3.0",4,"4.0",5,"5.0","j143c129",1
"software-engineer","Software Engineer","Santa Clara, CA, USA",37,53,43,"USD",13,"4.3",12,"4.0",12,"4.0",11,"3.7","j119c30",3
"software-developer","Software Developer","Toronto, ON, Canada",18,18,18,"CAD",8,"4.0",8,"4.0",9,"4.5",9,"4.5","j106c112",2
"software-developer","Software Developer","Ottawa, ON, Canada",18,18,18,"CAD",1,"1.0",1,"1.0",1,"1.0",2,"2.0","j130c124",1
"front-end-engineer","Front End Engineer","Mountain View, CA, USA",44,44,44,"USD",4,"4.0",5,"5.0",5,"5.0",4,"4.0","j138c11",1
"it-solutions-developer","IT Solutions Developer","Hamilton, ON, Canada",19,19,19,"CAD",3,"3.0",3,"3.0",3,"3.0",2,"2.0","j129c123",1
"software-engineer","Software Engineer","Ottawa, ON, Canada",33,33,33,"CAD",5,"5.0",5,"5.0",5,"5.0",4,"4.0","j100c40",1
"full-stack-developer","Full Stack Developer","Markham, ON, Canada",25,25,25,"CAD",4,"4.0",5,"5.0",3,"3.0",4,"4.0","j131c84",1
"qa-analyst","QA Analyst","Toronto, ON, Canada",15,15,15,"CAD",3,"3.0",4,"4.0",3,"3.0",5,"5.0","j132c69",1
"linux-developer","Linux Developer","Vancouver, BC, Canada",25,25,25,"CAD",4,"4.0",4,"4.0",3,"3.0",4,"4.0","j133c125",1
"full-stack-web-developer","Full Stack Web Developer","San Francisco, CA, USA",41,41,41,"USD",5,"5.0",5,"5.0",5,"5.0",2,"2.0","j134c60",1
"software-engineer","Software Engineer","Waterloo, ON, Canada",29,30,30,"CAD",15,"5.0",14,"4.7",15,"5.0",15,"5.0","j136c40",3
"ebusiness-specialist","Ebusiness Specialist","Toronto, ON, Canada",17,18,18,"CAD",3,"1.5",3,"1.5",3,"1.5",8,"4.0","j149c133",2
"product-manager","Product Manager","San Francisco, CA, USA",68,68,68,"USD",5,"5.0",5,"5.0",5,"5.0",5,"5.0","j140c49",1
"product-manager-intern","Product Manager Intern","New York, NY, USA",44,44,44,"USD",5,"5.0",5,"5.0",5,"5.0",4,"4.0","j141c2",1
"software-engineer","Software Engineer","San Francisco, CA, USA",53,53,53,"USD",5,"5.0",5,"5.0",5,"5.0",4,"4.0","j142c128",1
"technology-consultant-intern","Technology Consultant Intern","Toronto, ON, Canada",20,24,22,"CAD",24,"4.8",24,"4.8",24,"4.8",21,"4.2","j117c118",5
"full-stack-developer","Full Stack Developer","Toronto, ON, Canada",27,33,30,"CAD",10,"5.0",10,"5.0",10,"5.0",10,"5.0","j104c110",2
"software-developer","Software Developer","Toronto, ON, Canada",35,35,35,"CAD",4,"4.0",3,"3.0",4,"4.0",5,"5.0","j145c130",1
"software-engineer","Software Engineer","Sunnyvale, CA, USA",38,44,41,"USD",14,"4.7",15,"5.0",14,"4.7",15,"5.0","j108c57",3
"software-engineering","Software Engineering","San Francisco, CA, USA",42,55,49,"USD",10,"5.0",10,"5.0",10,"5.0",9,"4.5","j127c44",2
"software-engineer","Software Engineer","Mountain View, CA, USA",44,50,48,"USD",19,"4.8",20,"5.0",18,"4.5",19,"4.8","j150c11",4
"it-compliance-analyst","IT Compliance Analyst","Stamford, CT, USA",25,25,25,"USD",4,"4.0",5,"5.0",4,"4.0",5,"5.0","j148c132",1
"software-engineering-intern","Software Engineering Intern","San Francisco, CA, USA",50,56,53,"USD",9,"4.5",10,"5.0",8,"4.0",10,"5.0","j116c95",2
"software-engineer","Software Engineer","Vancouver, BC, Canada",25,26,25,"CAD",8,"4.0",7,"3.5",9,"4.5",8,"4.0","j102c108",2
"application-developer","Application Developer","Waterloo, ON, Canada",20,20,20,"CAD",5,"5.0",4,"4.0",4,"4.0",5,"5.0","j128c39",1
"mobile-developer","Mobile Developer","Waterloo, ON, Canada",20,20,20,"CAD",3,"3.0",3,"3.0",2,"2.0",5,"5.0","j107c39",1
"software-engineer","Software Engineer","Toronto, ON, Canada",38,38,38,"CAD",5,"5.0",5,"5.0",5,"5.0",5,"5.0","j114c116",1
"software-engineer","Software Engineer","Toronto, ON, Canada",25,25,25,"CAD",5,"5.0",5,"5.0",4,"4.0",5,"5.0","j118c119",1
"information-technology-intern-payment-processing","Information Technology Intern Payment Processing","Mississauga, ON, Canada",18,18,18,"CAD",4,"4.0",4,"4.0",4,"4.0",5,"5.0","j420c251",1
"auditor","Auditor","Toronto, ON, Canada",29,29,29,"CAD",4,"4.0",5,"5.0",3,"3.0",2,"2.0","j152c135",1
"software-engineer","Software Engineer","Toronto, ON, Canada",25,38,31,"CAD",8,"4.0",9,"4.5",8,"4.0",10,"5.0","j153c136",2
"software-developer","Software Developer","Markham, ON, Canada",19,26,22,"CAD",6,"3.0",5,"2.5",4,"2.0",8,"4.0","j187c157",2
"software-engineer","Software Engineer","Vancouver, BC, Canada",23,26,24,"CAD",13,"4.3",13,"4.3",12,"4.0",15,"5.0","j160c111",3
"software-engineering-intern","Software Engineering Intern","Sunnyvale, CA, USA",45,50,47,"USD",15,"5.0",15,"5.0",15,"5.0",14,"4.7","j193c24",3
"software-engineer","Software Engineer","San Francisco, CA, USA",30,30,30,"USD",5,"5.0",5,"5.0",5,"5.0",4,"4.0","j157c138",1
"software-engineer","Software Engineer","Irvine, CA, USA",42,42,42,"USD",5,"5.0",5,"5.0",5,"5.0",5,"5.0","j241c17",1
"platform-graphics-intern","Platform Graphics Intern","Toronto, ON, Canada",38,38,38,"CAD",5,"5.0",3,"3.0",5,"5.0",5,"5.0","j159c29",1
"hardware-ip-designer","Hardware Ip Designer","Toronto, ON, Canada",32,32,32,"CAD",5,"5.0",5,"5.0",5,"5.0",5,"5.0","j242c20",1
"software-engineer","Software Engineer","Toronto, ON, Canada",23,23,23,"CAD",5,"5.0",5,"5.0",5,"5.0",5,"5.0","j162c139",1
"software-engineer-intern","Software Engineer Intern","Toronto, ON, Canada",0,28,18,"CAD",15,"5.0",13,"4.3",14,"4.7",15,"5.0","j165c61",3
"multimedia-driver-intern","Multimedia Driver Intern","Markham, ON, Canada",26,26,26,"CAD",4,"4.0",4,"4.0",5,"5.0",4,"4.0","j163c140",1
"software-development-intern","Software Development Intern","Fort Collins, CO, USA",23,23,23,"USD",5,"5.0",5,"5.0",4,"4.0",5,"5.0","j243c192",1
"student-recreational-coordinator","Student Recreational Coordinator","Cambridge, ON, Canada",11,11,11,"CAD",5,"5.0",5,"5.0",5,"5.0",5,"5.0","j174c148",1
"software-development-engineer-intern","Software Development Engineer Intern","Seattle, WA, USA",38,38,38,"USD",12,"4.0",13,"4.3",13,"4.3",11,"3.7","j161c4",3
"software-developer-intern","Software Developer Intern","San Francisco, CA, USA",27,27,27,"USD",5,"5.0",5,"5.0",4,"4.0",5,"5.0","j244c82",1
"software-developer-intern","Software Developer Intern","Ottawa, ON, Canada",23,25,24,"CAD",9,"3.0",10,"3.3",10,"3.3",14,"4.7","j197c84",3
"software-engineer","Software Engineer","Toronto, ON, Canada",15,15,15,"CAD",4,"4.0",4,"4.0",4,"4.0",5,"5.0","j167c141",1
"architectural-intern","Architectural Intern","Rotterdam, Netherlands",4,4,4,"EUR",4,"4.0",3,"3.0",5,"5.0",1,"1.0","j169c143",1
"traffic-operations","Traffic Operations","Toronto, ON, Canada",12,12,12,"CAD",2,"2.0",1,"1.0",2,"2.0",3,"3.0","j170c144",1
"community-survey-manager","Community Survey Manager","Waterloo, ON, Canada",18,18,18,"CAD",5,"5.0",5,"5.0",5,"5.0",4,"4.0","j171c145",1
"architectural-intern","Architectural Intern","San Francisco, CA, USA",21,21,21,"USD",4,"4.0",4,"4.0",2,"2.0",2,"2.0","j172c146",1
"case-study-writer","Case Study Writer","Waterloo, ON, Canada",19,19,19,"CAD",5,"5.0",4,"4.0",5,"5.0",5,"5.0","j173c147",1
"instructor","Instructor","Markham, ON, Canada",12,12,12,"CAD",4,"4.0",4,"4.0",5,"5.0",5,"5.0","j175c149",1
"lab-technician","Lab Technician","Guelph, ON, Canada",10,10,10,"CAD",4,"4.0",5,"5.0",4,"4.0",4,"4.0","j176c150",1
"administrative-clerk","Administrative Clerk","Vaughan, ON, Canada",19,19,19,"CAD",4,"4.0",5,"5.0",4,"4.0",5,"5.0","j177c151",1
"software-engineer","Software Engineer","Mountain View, CA, USA",42,42,42,"USD",4,"4.0",3,"3.0",3,"3.0",5,"5.0","j178c29",1
"software-developer","Software Developer","San Francisco, CA, USA",25,25,25,"USD",5,"5.0",5,"5.0",5,"5.0",5,"5.0","j245c193",1
"software-engineer","Software Engineer","Toronto, ON, Canada",22,26,24,"CAD",7,"3.5",10,"5.0",6,"3.0",8,"4.0","j166c131",2
"software-developer-intern","Software Developer Intern","San Francisco, CA, USA",40,40,40,"USD",4,"4.0",4,"4.0",3,"3.0",5,"5.0","j180c152",1
"software-developer-intern","Software Developer Intern","Waterloo, ON, Canada",0,0,0,"CAD",4,"4.0",3,"3.0",5,"5.0",5,"5.0","j181c153",1
"software-engineer","Software Engineer","San Francisco, CA, USA",53,53,53,"USD",5,"5.0",5,"5.0",4,"4.0",5,"5.0","j182c50",1
"data-engineer-intern","Data Engineer Intern","Toronto, ON, Canada",25,25,25,"CAD",5,"5.0",5,"5.0",4,"4.0",5,"5.0","j183c154",1
"software-engineering-intern","Software Engineering Intern","Toronto, ON, Canada",22,22,22,"CAD",6,"3.0",6,"3.0",6,"3.0",10,"5.0","j188c156",2
"software-engineering-intern","Software Engineering Intern","New York, NY, USA",45,45,45,"USD",5,"5.0",5,"5.0",5,"5.0",5,"5.0","j185c24",1
"software-engineer","Software Engineer","Waterloo, ON, Canada",35,49,40,"CAD",14,"4.7",15,"5.0",13,"4.3",15,"5.0","j155c17",3
"software-engineer","Software Engineer","Kirkland, WA, USA",38,38,38,"USD",5,"5.0",5,"5.0",5,"5.0",5,"5.0","j179c17",1
"research-student","Research Student","Toronto, ON, Canada",10,10,10,"CAD",4,"4.0",5,"5.0",5,"5.0",3,"3.0","j191c137",1
"research-intern-nanomechanical-sensors","Research Intern Nanomechanical Sensors","Tsukuba, Ibaraki Prefecture, Japan",481,481,481,"JPY",4,"4.0",5,"5.0",5,"5.0",4,"4.0","j151c134",1
"research-intern-nanomaterials","Research Intern Nanomaterials","Toronto, ON, Canada",13,13,13,"CAD",5,"5.0",5,"5.0",5,"5.0",5,"5.0","j154c137",1
"research-development-coordinator","Research & Development Coordinator","Markham, ON, Canada",15,15,15,"CAD",4,"4.0",4,"4.0",3,"3.0",4,"4.0","j168c142",1
"data-scientist","Data Scientist","Spring, TX 77373, USA",25,25,25,"USD",5,"5.0",5,"5.0",5,"5.0",5,"5.0","j192c159",1
"fund-development-coordinator","Fund Development Coordinator","Ajax, ON, Canada",8,8,8,"CAD",4,"4.0",5,"5.0",4,"4.0",5,"5.0","j194c160",1
"clerical-assistant","Clerical Assistant","Toronto, ON, Canada",8,8,8,"CAD",5,"5.0",5,"5.0",5,"5.0",5,"5.0","j195c161",1
"front-end-engineering-intern","Front End Engineering Intern","San Francisco, CA, USA",35,35,35,"USD",3,"3.0",3,"3.0",3,"3.0",3,"3.0","j196c162",1
"software-engineering-intern","Software Engineering Intern","Toronto, ON, Canada",0,0,0,"CAD",5,"5.0",5,"5.0",5,"5.0",5,"5.0","j198c163",1
"sde-intern","SDE Intern","Vancouver, BC, CAN",36,36,36,"CAD",4,"4.0",5,"5.0",4,"4.0",5,"5.0","j246c4",1
"product-designer","Product Designer","Ottawa, ON, Canada",25,25,25,"CAD",4,"4.0",5,"5.0",5,"5.0",5,"5.0","j421c40",1
"associate-programmer-co-op","Associate Programmer Co Op","Vancouver, BC, Canada",24,24,24,"CAD",4,"4.0",3,"3.0",3,"3.0",5,"5.0","j217c177",1
"compliance","Compliance","Toronto, ON, Canada",16,16,16,"CAD",4,"4.0",3,"3.0",3,"3.0",5,"5.0","j201c165",1
"ui-software-engineer-intern","UI Software Engineer Intern","Redwood City, CA, USA",38,38,38,"USD",3,"3.0",5,"5.0",5,"5.0",5,"5.0","j202c166",1
"software-test-tools-developer-co-op","Software Test & Tools Developer (Co Op)","Toronto, ON, Canada",21,21,21,"CAD",4,"4.0",5,"5.0",3,"3.0",4,"4.0","j221c62",1
"software-engineer-intern","Software Engineer Intern","Redmond, WA, USA",44,44,44,"USD",3,"3.0",3,"3.0",1,"1.0",5,"5.0","j252c27",1
"business-analyst","Business Analyst","Brampton, ON, Canada",21,21,21,"CAD",4,"4.0",4,"4.0",4,"4.0",5,"5.0","j422c252",1
"search-experience-sde","Search Experience SDE","Seattle, WA, USA",38,38,38,"USD",3,"3.0",3,"3.0",2,"2.0",3,"3.0","j219c4",1
"software-development-engineer-intern","Software Development Engineer Intern","San Francisco, CA, USA",31,31,31,"USD",3,"3.0",2,"2.0",2,"2.0",5,"5.0","j207c171",1
"business-systems-analyst","Business Systems Analyst","Toronto, ON, Canada",19,19,19,"CAD",4,"4.0",5,"5.0",4,"4.0",5,"5.0","j253c189",1
"summer-student","Summer Student","Toronto, ON, Canada",10,10,10,"CAD",5,"5.0",5,"5.0",5,"5.0",5,"5.0","j209c172",1
"undergraduate-summer-researcher","Undergraduate Summer Researcher","Toronto, ON, Canada",8,8,8,"CAD",3,"3.0",5,"5.0",2,"2.0",2,"2.0","j210c137",1
"software-engineer-intern","Software Engineer Intern","Waterloo, ON, Canada",25,25,25,"CAD",4,"4.0",4,"4.0",4,"4.0",5,"5.0","j205c169",1
"research-assistant-data-science","Research Assistant Data Science","Singapore",7,7,7,"SGD",1,"1.0",1,"1.0",2,"2.0",1,"1.0","j227c182",1
"feature-development","Feature Development","Vancouver",19,19,19,"CAD",5,"5.0",4,"4.0",5,"5.0",5,"5.0","j254c197",1
"game-developer","Game Developer","Burlington, ON, Canada",21,21,21,"CAD",5,"5.0",5,"5.0",5,"5.0",5,"5.0","j224c181",1
"quality-assurance-technician","Quality Assurance Technician","Calgary, AB, Canada",14,14,14,"CAD",3,"3.0",3,"3.0",2,"2.0",5,"5.0","j423c253",1
"data-scientist","Data Scientist","Waterloo, ON, Canada",25,25,25,"CAD",2,"2.0",1,"1.0",2,"2.0",5,"5.0","j214c175",1
"it-developer","IT Developer","Toronto, ON, Canada",19,19,19,"CAD",4,"4.0",4,"4.0",4,"4.0",5,"5.0","j215c176",1
"software-developer","Software Developer","Ottawa, ON, Canada",20,20,20,"CAD",3,"3.0",4,"4.0",2,"2.0",4,"4.0","j216c62",1
"line-worker","Line Worker","Cambridge, ON, Canada",15,15,15,"CAD",4,"4.0",4,"4.0",5,"5.0",5,"5.0","j424c254",1
"is-analyst-operations","Is Analyst, Operations","Mississauga, ON, Canada",18,18,18,"CAD",2,"2.0",3,"3.0",1,"1.0",4,"4.0","j425c255",1
"software-engineer-coop","Software Engineer Coop","Waterloo, ON, Canada",24,25,25,"CAD",7,"3.5",4,"2.0",8,"4.0",10,"5.0","j228c183",2
"software-development-intern","Software Development Intern","Boston, MA, USA",30,30,30,"USD",11,"3.7",14,"4.7",10,"3.3",10,"3.3","j206c170",3
"software-developer","Software Developer","Toronto, ON, Canada",23,23,23,"CAD",4,"4.0",5,"5.0",4,"4.0",4,"4.0","j222c179",1
"game-developer","Game Developer","Toronto, ON, Canada",30,30,30,"CAD",5,"5.0",3,"3.0",5,"5.0",3,"3.0","j223c180",1
"forward-deployed-software-engineer","Forward Deployed Software Engineer","New York, NY, USA",47,47,47,"USD",3,"3.0",3,"3.0",4,"4.0",1,"1.0","j225c32",1
"forward-deployed-software-engineer","Forward Deployed Software Engineer","London, UK",36,36,36,"GBP",4,"4.0",3,"3.0",3,"3.0",5,"5.0","j226c32",1
"software-engineer","Software Engineer","San Francisco, CA, USA",33,41,38,"USD",11,"3.7",8,"2.7",9,"3.0",15,"5.0","j199c155",3
"business-analyst","Business Analyst","Toronto, ON, Canada",16,16,16,"CAD",4,"4.0",4,"4.0",4,"4.0",5,"5.0","j204c168",1
"ios-engineer","iOS Engineer","Mountain View, CA, USA",50,50,50,"USD",4,"4.0",4,"4.0",4,"4.0",4,"4.0","j208c11",1
"developer-intern","Developer (Intern)","Ottawa",27,27,27,"CAD",4,"4.0",4,"4.0",4,"4.0",5,"5.0","j255c40",1
"software-engineering-intern","Software Engineering Intern","Pune, Maharashtra, India",125,125,125,"INR",5,"5.0",4,"4.0",5,"5.0",5,"5.0","j229c184",1
"software-test-engineer","Software Test Engineer","Toronto, ON, Canada",17,17,17,"CAD",3,"3.0",2,"2.0",1,"1.0",4,"4.0","j230c185",1
"developer-intern","Developer Intern","London, UK",47,47,47,"GBP",5,"5.0",5,"5.0",5,"5.0",4,"4.0","j256c23",1
"developer-intern","Developer (Intern)","Ottawa, ON, Canada",29,29,29,"CAD",5,"5.0",5,"5.0",5,"5.0",5,"5.0","j257c40",1
"clojure-developer","Clojure Developer","Toronto, ON, Canada",22,22,22,"CAD",5,"5.0",5,"5.0",5,"5.0",5,"5.0","j426c256",1
"engineering-student","Engineering Student","Toronto, ON, Canada",0,0,0,"CAD",4,"4.0",5,"5.0",4,"4.0",5,"5.0","j427c257",1
"software-engineer","Software Engineer","Redmond, WA, USA",44,47,46,"USD",11,"3.7",11,"3.7",13,"4.3",14,"4.7","j17c27",3
"agile-software-engineer","Agile Software Engineer","Toronto, ON, Canada",18,19,18,"CAD",8,"4.0",8,"4.0",9,"4.5",6,"3.0","j211c173",2
"software-engineering-intern","Software Engineering Intern","Mountain View, CA, USA",52,52,52,"USD",10,"5.0",10,"5.0",10,"5.0",10,"5.0","j220c37",2
"front-end-developer","Front End Developer","Waterloo, ON, Canada",19,19,19,"CAD",3,"3.0",3,"3.0",5,"5.0",3,"3.0","j212c174",1
"netsharepoint-software-consultant",".Net/Sharepoint Software Consultant","Mississauga, ON, Canada",27,27,27,"CAD",5,"5.0",5,"5.0",5,"5.0",4,"4.0","j200c164",1
"netsharepoint-developer",".Net/Sharepoint Developer","Toronto, ON, Canada",14,14,14,"CAD",5,"5.0",5,"5.0",5,"5.0",5,"5.0","j203c167",1
"full-stack-developer","Full Stack Developer","Tokyo, Japan",938,938,938,"JPY",3,"3.0",2,"2.0",3,"3.0",5,"5.0","j218c178",1
"application-developer","Application Developer","Kitchener, ON, Canada",17,17,17,"CAD",4,"4.0",2,"2.0",4,"4.0",5,"5.0","j428c258",1
"software-engineering-intern","Software Engineering Intern","Kitchener, ON, Canada",25,28,26,"CAD",10,"5.0",10,"5.0",10,"5.0",9,"4.5","j290c209",2
"software-development-engineer-intern","Software Development Engineer Intern","Redmond, WA, USA",44,44,44,"USD",5,"5.0",4,"4.0",4,"4.0",5,"5.0","j430c27",1
"summer-research-intern","Summer Research Intern","Greenbelt, MD, USA",15,15,15,"USD",5,"5.0",5,"5.0",5,"5.0",5,"5.0","j291c210",1
"agile-engineer","Agile Engineer","Toronto",0,0,0,"CAD",3,"3.0",2,"2.0",2,"2.0",5,"5.0","j270c199",1
"infrastructure-engineering-intern","Infrastructure Engineering Intern","San Francisco, CA, USA",59,59,59,"USD",7,"3.5",6,"3.0",7,"3.5",10,"5.0","j297c104",2
"ios-developer","iOS Developer","Toronto",0,0,0,"CAD",1,"1.0",1,"1.0",2,"2.0",1,"1.0","j293c211",1
"agile-software-engineer","Agile Software Engineer","Toronto, ON, Canada",22,22,22,"CAD",5,"5.0",5,"5.0",4,"4.0",5,"5.0","j271c199",1
"software-developer","Software Developer","Waterloo, ON, Canada",18,18,18,"CAD",4,"4.0",2,"2.0",4,"4.0",5,"5.0","j272c200",1
"uiux-designer","UI/UX Designer","Kitchener, ON, Canada",17,17,17,"CAD",4,"4.0",4,"4.0",3,"3.0",5,"5.0","j431c191",1
"software-engineering-intern","Software Engineering Intern","Toronto, ON, Canada",18,25,21,"CAD",8,"4.0",8,"4.0",8,"4.0",9,"4.5","j268c198",2
"software-engineering-intern","Software Engineering Intern","San Francisco, CA, USA",44,46,45,"USD",8,"4.0",8,"4.0",8,"4.0",10,"5.0","j286c44",2
"embedded-software-engineer-coop","Embedded Software Engineer Coop","Waterloo, ON, Canada",33,33,33,"CAD",4,"4.0",3,"3.0",4,"4.0",5,"5.0","j278c183",1
"software-developer-intern","Software Developer Intern","Bengaluru, Karnataka, India",469,469,469,"INR",4,"4.0",5,"5.0",5,"5.0",4,"4.0","j279c201",1
"software-developer","Software Developer","Ottawa, ON, Canada",19,19,19,"CAD",3,"3.0",3,"3.0",3,"3.0",5,"5.0","j294c88",1
"software-intern","Software Intern","Rome, NY, USA",18,18,18,"USD",3,"3.0",3,"3.0",3,"3.0",5,"5.0","j280c202",1
"core-software-developer","Core Software Developer","Toronto, ON, Canada",21,21,21,"CAD",3,"3.0",3,"3.0",2,"2.0",5,"5.0","j281c131",1
"software-developer","Software Developer","Toronto, ON, Canada",19,19,19,"CAD",5,"5.0",5,"5.0",5,"5.0",5,"5.0","j282c176",1
"developer-intern","Developer Intern","Waterloo",28,28,28,"CAD",4,"4.0",3,"3.0",5,"5.0",3,"3.0","j283c203",1
"technical-analyst","Technical Analyst","Ottawa, ON, Canada",13,13,13,"CAD",1,"1.0",2,"2.0",1,"1.0",4,"4.0","j284c204",1
"software-engineer","Software Engineer","Waterloo, ON, Canada",16,16,16,"CAD",4,"4.0",4,"4.0",3,"3.0",4,"4.0","j285c205",1
"software-engineer","Software Engineer","San Francisco, CA, USA",36,56,47,"USD",43,"4.3",42,"4.2",37,"3.7",48,"4.8","j213c58",10
"software-developer-intern","Software Developer Intern","Ottawa, ON, Canada",33,36,34,"CAD",18,"4.5",17,"4.3",18,"4.5",19,"4.8","j305c40",4
"plc-programmer","Plc Programmer","London, ON, Canada",16,16,16,"CAD",4,"4.0",5,"5.0",4,"4.0",3,"3.0","j288c207",1
"intern","Intern","Calgary",16,16,16,"CAD",3,"3.0",3,"3.0",3,"3.0",3,"3.0","j289c208",1
"software-engineer","Software Engineer","San Francisco, CA, USA",50,53,52,"USD",10,"5.0",10,"5.0",9,"4.5",10,"5.0","j292c36",2
"forward-deployed-software-engineer","Forward Deployed Software Engineer","Palo Alto, CA, USA",47,47,47,"USD",5,"5.0",5,"5.0",5,"5.0",4,"4.0","j295c32",1
"solutions-developer","Solutions Developer","Kitchener, ON, Canada",28,28,28,"CAD",3,"3.0",1,"1.0",3,"3.0",5,"5.0","j296c212",1
"software-engineer","Software Engineer","Vancouver, BC, Canada",40,40,40,"CAD",5,"5.0",5,"5.0",5,"5.0",5,"5.0","j298c41",1
"software-developer","Software Developer","Markham, ON, Canada",18,26,21,"CAD",9,"3.0",8,"2.7",7,"2.3",11,"3.7","j308c222",3
"release-and-qa-engineer","Release And QA Engineer","Waterloo, ON, Canada",20,21,21,"CAD",6,"3.0",5,"2.5",4,"2.0",10,"5.0","j314c203",2
"product-manager","Product Manager","Toronto, ON, Canada",18,18,18,"CAD",2,"2.0",2,"2.0",1,"1.0",5,"5.0","j300c213",1
"software-engineering-intern","Software Engineering Intern","San Mateo, CA, USA",41,44,42,"USD",10,"5.0",10,"5.0",10,"5.0",9,"4.5","j307c221",2
"business-analyst","Business Analyst","Toronto, ON, Canada",23,23,23,"CAD",3,"3.0",3,"3.0",1,"1.0",5,"5.0","j302c176",1
"tax-analyst","Tax Analyst","Toronto, ON, Canada",17,17,17,"CAD",3,"3.0",2,"2.0",2,"2.0",5,"5.0","j303c214",1
"human-resources-assistant","Human Resources Assistant","Waterloo, ON, Canada",15,15,15,"CAD",5,"5.0",5,"5.0",4,"4.0",5,"5.0","j304c147",1
"software-developer","Software Developer","Toronto, ON, Canada",17,18,17,"CAD",9,"4.5",10,"5.0",9,"4.5",8,"4.0","j287c206",2
"systems-integration-engineering","Systems Integration Engineering","Palo Alto, CA, USA",25,25,25,"USD",4,"4.0",4,"4.0",5,"5.0",2,"2.0","j306c220",1
"software-developer","Software Developer","Toronto, ON, Canada",18,18,18,"CAD",2,"2.0",1,"1.0",2,"2.0",2,"2.0","j309c223",1
"full-stack-developer","Full Stack Developer","Waterloo",20,20,20,"CAD",5,"5.0",5,"5.0",4,"4.0",5,"5.0","j310c224",1
"junior-designer","Junior Designer","Toronto, ON, Canada",22,22,22,"CAD",5,"5.0",5,"5.0",5,"5.0",4,"4.0","j311c225",1
"mobile-robotics-application-engineering","Mobile Robotics Application Engineering","Kitchener, ON, Canada",21,21,21,"CAD",5,"5.0",5,"5.0",5,"5.0",5,"5.0","j312c226",1
"quality-engineering-intern","Quality Engineering Intern","Toronto, ON, Canada",16,16,16,"CAD",5,"5.0",5,"5.0",4,"4.0",5,"5.0","j313c227",1
"software-developer","Software Developer","Toronto",23,23,23,"CAD",4,"4.0",4,"4.0",3,"3.0",4,"4.0","j315c163",1
"technical-process-analyst","Technical Process Analyst","Toronto, ON, Canada",20,20,20,"CAD",4,"4.0",4,"4.0",2,"2.0",5,"5.0","j301c91",1
"web-developer","Web Developer","Waterloo, ON, Canada",25,25,25,"CAD",5,"5.0",5,"5.0",5,"5.0",5,"5.0","j316c66",1
"software-developer","Software Developer","Toronto, ON, Canada",23,23,23,"CAD",3,"3.0",3,"3.0",2,"2.0",4,"4.0","j317c228",1
"portfolio-engineering","Portfolio Engineering","Toronto",25,25,25,"CAD",5,"5.0",5,"5.0",5,"5.0",5,"5.0","j432c72",1
"full-stack-developer","Full Stack Developer","Waterloo, ON, Canada",17,19,18,"CAD",6,"3.0",7,"3.5",7,"3.5",8,"4.0","j354c224",2
"data-engineer","Data Engineer","Toronto, ON, Canada",18,29,23,"CAD",8,"4.0",6,"3.0",6,"3.0",10,"5.0","j369c194",2
"software-developer-intern","Software Developer Intern","Toronto, ON, Canada",24,24,24,"CAD",4,"4.0",4,"4.0",3,"3.0",5,"5.0","j328c229",1
"software-developer","Software Developer","Ottawa, ON, Canada",22,26,24,"CAD",8,"4.0",7,"3.5",7,"3.5",9,"4.5","j368c84",2
"software-engineer-intern","Software Engineer Intern","San Francisco, CA, USA",45,72,54,"USD",24,"4.8",23,"4.6",22,"4.4",24,"4.8","j359c38",5
"software-engineering-intern","Software Engineering Intern","Waterloo, ON, Canada",19,22,20,"CAD",6,"3.0",7,"3.5",4,"2.0",9,"4.5","j357c231",2
"software-engineer","Software Engineer","Toronto, ON, Canada",33,44,38,"CAD",5,"2.5",4,"2.0",5,"2.5",6,"3.0","j395c130",2
"software-engineering-intern","Software Engineering Intern","Cupertino, CA, USA",35,45,39,"USD",13,"4.3",13,"4.3",12,"4.0",14,"4.7","j402c5",3
"project-control-officer","Project Control Officer","Toronto, ON, Canada",19,19,19,"CAD",8,"4.0",8,"4.0",10,"5.0",8,"4.0","j299c189",2
"mobile-developer-intern","Mobile Developer Intern","Waterloo, ON, Canada",25,25,25,"CAD",4,"4.0",4,"4.0",4,"4.0",4,"4.0","j338c66",1
"technical-business-analyst","Technical Business Analyst","Toronto",19,19,19,"CAD",1,"1.0",1,"1.0",1,"1.0",5,"5.0","j400c194",1
"software-engineer","Software Engineer","San Francisco",38,38,38,"CAD",5,"5.0",5,"5.0",5,"5.0",3,"3.0","j340c104",1
"financial-engineer","Financial Engineer","Toronto, ON, Canada",22,22,22,"CAD",3,"3.0",2,"2.0",3,"3.0",4,"4.0","j352c194",1
"summer-sales-trading-analyst","Summer Sales & Trading Analyst","Toronto, ON, Canada",0,0,0,"CAD",5,"5.0",5,"5.0",5,"5.0",4,"4.0","j384c91",1
"extreme-blue-business-intern","Extreme Blue Business Intern","Toronto, ON, Canada",28,28,28,"CAD",5,"5.0",5,"5.0",4,"4.0",5,"5.0","j351c84",1
"developer-intern","Developer Intern","Kitchener, ON, Canada",0,0,0,,0,"0.0",0,"0.0",0,"0.0",0,"0.0","j355c191",0
"developer-intern","Developer Intern","Waterloo",0,0,0,,0,"0.0",0,"0.0",0,"0.0",0,"0.0","j356c191",0
"operations-technology-analyst","Operations & Technology Analyst","Miami, FL, USA",25,25,25,"USD",4,"4.0",2,"2.0",5,"5.0",5,"5.0","j358c232",1
"electrical-engineering-intern","Electrical Engineering Intern","San Francisco, CA, USA",56,56,56,"USD",5,"5.0",4,"4.0",5,"5.0",5,"5.0","j370c44",1
"software-engineering","Software Engineering","Vancouver",29,29,29,"CAD",5,"5.0",5,"5.0",5,"5.0",5,"5.0","j360c233",1
"web-app-developer","Web App Developer","Markham",20,20,20,"CAD",5,"5.0",5,"5.0",4,"4.0",5,"5.0","j361c234",1
"software-application-developer","Software Application Developer","Toronto, ON, Canada",20,20,20,"CAD",4,"4.0",5,"5.0",4,"4.0",4,"4.0","j362c39",1
"software-developer","Software Developer","Montreal, QC, Canada",22,22,22,"CAD",5,"5.0",5,"5.0",5,"5.0",5,"5.0","j363c39",1
"ios-developer","iOS Developer","Waterloo, ON, Canada",27,27,27,"CAD",4,"4.0",4,"4.0",5,"5.0",5,"5.0","j364c66",1
"systermsnetwork-administrator","Systerms/Network Administrator","Brampton, ON, Canada",14,14,14,"CAD",2,"2.0",2,"2.0",1,"1.0",4,"4.0","j365c235",1
"software-developer","Software Developer","Toronto, ON, Canada",19,19,19,"CAD",5,"5.0",5,"5.0",5,"5.0",5,"5.0","j367c236",1
"qa-engineering","QA Engineering","Toronto, ON, Canada",19,19,19,"CAD",4,"4.0",3,"3.0",4,"4.0",4,"4.0","j371c237",1
"assistant-methodologist","Assistant Methodologist","Ottawa, ON, Canada",16,16,16,"CAD",4,"4.0",4,"4.0",4,"4.0",5,"5.0","j373c239",1
"software-engineering-intern-social-capital-fellow","Software Engineering Intern / Social Capital Fellow","Redwood City, CA, USA",53,53,53,"USD",5,"5.0",4,"4.0",5,"5.0",5,"5.0","j99c106",1
"data-quality-analyst","Data Quality Analyst","Toronto, ON, Canada",15,21,18,"CAD",9,"4.5",10,"5.0",6,"3.0",10,"5.0","j372c238",2
"junior-digital-strategist","Junior Digital Strategist","Toronto, ON, Canada",28,28,28,"CAD",4,"4.0",3,"3.0",5,"5.0",5,"5.0","j394c91",1
"test","Test","Palo Alto, CA, USA",0,0,0,,0,"0.0",0,"0.0",0,"0.0",0,"0.0","j385c49",0
"software-engineering-intern","Software Engineering Intern","San Francisco, CA, USA",59,59,59,"USD",4,"4.0",4,"4.0",5,"5.0",4,"4.0","j392c240",1
"software-developer","Software Developer","Markham",21,21,21,"CAD",5,"5.0",4,"4.0",4,"4.0",4,"4.0","j396c84",1
"software-engineering-intern","Software Engineering Intern","Palo Alto, CA, USA",38,38,38,"USD",5,"5.0",5,"5.0",5,"5.0",5,"5.0","j398c241",1
"ios-developer-intern","iOS Developer Intern","Toronto, ON, Canada",21,21,21,"CAD",2,"2.0",2,"2.0",1,"1.0",3,"3.0","j397c189",1
"software-developer","Software Developer","Toronto, ON, Canada",34,34,34,"CAD",5,"5.0",5,"5.0",5,"5.0",4,"4.0","j399c242",1
"program-management-intern","Program Management Intern","Redmond, WA, USA",44,44,44,"USD",5,"5.0",5,"5.0",5,"5.0",5,"5.0","j339c27",1
"rd-developer","R&D Developer","Toronto, ON, Canada",25,25,25,"CAD",4,"4.0",3,"3.0",4,"4.0",5,"5.0","j401c243",1
"software-egnineer","Software Egnineer","San Francisco, CA, USA",40,40,40,"USD",4,"4.0",4,"4.0",5,"5.0",3,"3.0","j403c244",1
"software-developer","Software Developer","Toronto, ON, Canada",22,22,22,"CAD",4,"4.0",3,"3.0",4,"4.0",5,"5.0","j404c85",1
"data-engineer-business-intelligence","Data Engineer, Business Intelligence","Menlo Park, CA, USA",43,43,43,"USD",9,"4.5",10,"5.0",8,"4.0",10,"5.0","j90c14",2
"camera-tools-developer","Camera Tools Developer","Santa Clara, CA, USA",40,40,40,"USD",5,"5.0",5,"5.0",4,"4.0",5,"5.0","j405c30",1
"software-developer","Software Developer","Toronto, ON, Canada",31,31,31,"CAD",5,"5.0",5,"5.0",5,"5.0",5,"5.0","j406c245",1
"software-developer-coop","Software Developer Co Op","Toronto, ON, Canada",18,18,18,"CAD",4,"4.0",4,"4.0",3,"3.0",5,"5.0","j407c69",1
"associate","Associate","Toronto, Ontario, Canada",21,21,21,"CAD",1,"1.0",3,"3.0",2,"2.0",1,"1.0","j449c272",1
"full-stack-web-developer","Full Stack Web Developer","Kitchener, ON, Canada",28,28,28,"CAD",4,"4.0",1,"1.0",4,"4.0",4,"4.0","j410c212",1
"developer","Developer","Toronto, ON, Canada",22,22,22,"CAD",5,"5.0",5,"5.0",3,"3.0",5,"5.0","j411c118",1
"software-developer","Software Developer","London, UK",19,22,21,"GBP",9,"4.5",9,"4.5",9,"4.5",9,"4.5","j156c8",2
"digital-consultant","Digital Consultant","Toronto",23,23,23,"CAD",5,"5.0",5,"5.0",4,"4.0",5,"5.0","j413c118",1
"quality-assurance-developer","Quality Assurance Developer","Kitchener, ON, Canada",16,16,16,"CAD",4,"4.0",4,"4.0",4,"4.0",5,"5.0","j414c247",1
"quality-assurance-developer","Quality Assurance Developer","Kitchener, ON, Canada",15,15,15,"CAD",4,"4.0",4,"4.0",3,"3.0",5,"5.0","j415c83",1
"software-development-student","Software Development Student","Waterloo, ON, Canada",20,20,20,"CAD",4,"4.0",5,"5.0",5,"5.0",4,"4.0","j416c62",1
"business-consultant-intern","Business Consultant Intern","Toronto, ON, Canada",23,28,26,"CAD",19,"4.8",19,"4.8",19,"4.8",17,"4.3","j409c118",4
"electrical-engineer-coop-student","Electrical Engineer Co Op Student","Huntsville, ON, Canada",18,18,18,"CAD",5,"5.0",5,"5.0",5,"5.0",5,"5.0","j429c259",1
"software-developer","Software Developer","Toronto, ON, Canada",18,18,18,"CAD",5,"5.0",5,"5.0",4,"4.0",5,"5.0","j433c280",1
"product-marketing-analyst","Product Marketing Analyst","Toronto, ON, Canada",31,31,31,"CAD",5,"5.0",5,"5.0",4,"4.0",5,"5.0","j434c14",1
"agile-software-engineer","Agile Software Engineer","Toronto",18,18,18,"CAD",3,"3.0",2,"2.0",3,"3.0",3,"3.0","j435c173",1
"software-developer-intern","Software Developer Intern","Burlington, ON, Canada",17,17,17,"CAD",3,"3.0",3,"3.0",3,"3.0",5,"5.0","j436c281",1
"software-development-engineering","Software Development Engineering","美国加利福尼亚州森尼韦尔",40,40,40,"USD",5,"5.0",5,"5.0",4,"4.0",5,"5.0","j437c57",1
"full-stack-developer-intern","Full Stack Developer Intern","Toronto, ON, Canada",9,19,14,"CAD",6,"1.5",5,"1.3",8,"2.0",5,"1.3","j463c297",4
"software-developer","Software Developer","Waterloo, ON, Canada",20,20,20,"CAD",4,"4.0",4,"4.0",5,"5.0",5,"5.0","j439c282",1
"full-stack-developer","Full Stack Developer","Waterloo, ON, Canada",20,20,20,"CAD",4,"4.0",3,"3.0",4,"4.0",5,"5.0","j440c283",1
"software-engineering-intern","Software Engineering Intern","Menlo Park, CA, USA",50,50,50,"USD",5,"5.0",5,"5.0",5,"5.0",5,"5.0","j441c14",1
"software-engineer","Software Engineer","Kitchener, ON, Canada",19,19,19,"CAD",5,"5.0",4,"4.0",5,"5.0",4,"4.0","j442c174",1
"java-application-developer","Java Application Developer","Burlington, ON, Canada",17,17,17,"CAD",4,"4.0",4,"4.0",3,"3.0",5,"5.0","j443c94",1
"presales-solution-architect","Presales Solution Architect","Mississauga, ON, Canada",20,20,20,"CAD",4,"4.0",4,"4.0",4,"4.0",5,"5.0","j444c289",1
"assurance-associate","Assurance Associate","Toronto, ON, Canada",21,21,21,"CAD",4,"4.0",4,"4.0",3,"3.0",2,"2.0","j445c272",1
"software-developer","Software Developer","Toronto, ON, Canada",19,22,20,"CAD",9,"4.5",9,"4.5",9,"4.5",9,"4.5","j408c238",2
"software-developer-intern","Software Developer Intern","Toronto",20,20,20,"CAD",5,"5.0",4,"4.0",5,"5.0",5,"5.0","j446c112",1
"ios-mobile-developer","iOS Mobile Developer","Toronto, Ontario, Canada",35,35,35,"CAD",5,"5.0",5,"5.0",4,"4.0",5,"5.0","j447c290",1
"hardware-design-intern","Hardware Design Intern","Cupertino, CA, USA",35,35,35,"USD",5,"5.0",5,"5.0",5,"5.0",4,"4.0","j448c5",1
"developer-intern","Developer Intern","Waterloo, ON, Canada",27,27,27,"CAD",5,"5.0",4,"4.0",4,"4.0",5,"5.0","j450c203",1
"quality-specialist","Quality Specialist","Waterloo, ON, Canada",17,17,17,"CAD",4,"4.0",5,"5.0",4,"4.0",4,"4.0","j456c279",1
"software-developer","Software Developer","Toronto, ON, Canada",25,25,25,"CAD",5,"5.0",5,"5.0",5,"5.0",5,"5.0","j453c292",1
"front-end-developer","Front End Developer","Toronto, ON, Canada",20,20,20,"CAD",3,"3.0",4,"4.0",1,"1.0",4,"4.0","j457c294",1
"software-engineer-intern","Software Engineer Intern","San Francisco, CA, USA",66,66,66,"USD",5,"5.0",4,"4.0",5,"5.0",5,"5.0","j454c293",1
"front-end-web-developer","Front End Web Developer","Toronto",0,0,0,"CAD",2,"2.0",3,"3.0",2,"2.0",4,"4.0","j455c294",1
"transportation-engineer","Transportation Engineer","Newmarket, Ontario, Ontario, Canada",21,21,21,"CAD",3,"3.0",3,"3.0",2,"2.0",5,"5.0","j458c151",1
"software-developer-intern","Software Developer Intern","Toronto, ON, Canada",17,17,17,"CAD",2,"2.0",3,"3.0",3,"3.0",3,"3.0","j462c296",1
"android-developer","Android Developer","Kitchener, ON, Canada",25,25,25,"CAD",3,"3.0",1,"1.0",3,"3.0",4,"4.0","j459c120",1
"full-stack-developer","Full Stack Developer","New York, NY, USA",28,28,28,"USD",3,"3.0",3,"3.0",4,"4.0",1,"1.0","j460c295",1
"software-engineer-intern","Software Engineer Intern","San Francisco, CA, USA",38,38,38,"USD",5,"5.0",5,"5.0",5,"5.0",5,"5.0","j461c155",1
"fullstack-software-developer","Fullstack Software Developer","Waterloo, ON, Canada",26,30,28,"CAD",11,"3.7",12,"4.0",13,"4.3",12,"4.0","j366c66",3
"software-engineer-intern","Software Engineer Intern","Bellevue, WA, USA",49,49,49,"USD",5,"5.0",5,"5.0",4,"4.0",5,"5.0","j464c38",1
"software-engineering-intern","Software Engineering Intern","Montreal, QC, Canada",20,20,20,"CAD",4,"4.0",4,"4.0",4,"4.0",5,"5.0","j465c298",1
"software-engineering-intern","Software Engineering Intern","Seattle, WA, USA",50,50,50,"USD",4,"4.0",1,"1.0",3,"3.0",4,"4.0","j466c14",1
"engineering-intern","Engineering Intern","New York, NY, USA",43,43,43,"USD",4,"4.0",3,"3.0",4,"4.0",5,"5.0","j467c8",1
"software-engineer","Software Engineer","San Francisco, CA, USA",38,53,45,"USD",9,"4.5",9,"4.5",10,"5.0",8,"4.0","j438c104",2
"software-engineer-intern","Software Engineer Intern","Seattle, WA, USA",44,47,45,"USD",15,"5.0",15,"5.0",15,"5.0",15,"5.0","j412c246",3
"investment-banking-analyst","Investment Banking Analyst","Toronto, ON, Canada",41,41,41,"CAD",3,"3.0",3,"3.0",4,"4.0",2,"2.0","j468c133",1
"web-developer","Web Developer","Mississauga",18,18,18,"CAD",4,"4.0",4,"4.0",4,"4.0",5,"5.0","j469c251",1
"software-developer","Software Developer","Toronto, ON, Canada",28,28,28,"CAD",4,"4.0",4,"4.0",3,"3.0",5,"5.0","j470c299",1
"software-engineer-intern","Software Engineer Intern","Mountain View, CA, USA",49,49,49,"USD",5,"5.0",5,"5.0",5,"5.0",4,"4.0","j471c27",1
"qa-engineer","QA Engineer","Toronto, ON, Canada",19,19,19,"CAD",5,"5.0",5,"5.0",4,"4.0",5,"5.0","j472c300",1
"technical-intern","Technical Intern","Sunnyvale, CA, USA",48,48,48,"USD",5,"5.0",5,"5.0",5,"5.0",5,"5.0","j473c57",1
"terminal-engineering","Terminal Engineering","Mississauga, ON, Canada",31,31,31,"CAD",4,"4.0",3,"3.0",5,"5.0",4,"4.0","j474c301",1
"backend-core-api-engineer","Backend Core Api Engineer","Toronto, ON, Canada",19,19,19,"CAD",4,"4.0",4,"4.0",5,"5.0",5,"5.0","j475c237",1
"software-engineering-intern","Software Engineering Intern","Campbell, CA, USA",31,31,31,"USD",5,"5.0",4,"4.0",5,"5.0",5,"5.0","j489c308",1
"software-engineering-intern","Software Engineering Intern","Redwood City, CA, USA",44,44,44,"USD",5,"5.0",5,"5.0",5,"5.0",5,"5.0","j477c302",1
"full-stack-developer","Full Stack Developer","Kitchener",28,28,28,"CAD",13,"4.3",7,"2.3",13,"4.3",15,"5.0","j488c212",3
"software-developer-intern","Software Developer Intern","Sunnyvale, CA, USA",0,38,19,"USD",10,"5.0",9,"4.5",8,"4.0",10,"5.0","j485c57",2
"software-developer-intern","Software Developer Intern","New York, NY, USA",22,22,22,"USD",3,"3.0",3,"3.0",4,"4.0",2,"2.0","j490c309",1
"mobile-and-web-developer","Mobile And Web Developer","Mississauga, ON, Canada",21,21,21,"CAD",4,"4.0",3,"3.0",5,"5.0",5,"5.0","j480c304",1
"software-developer","Software Developer","Mississauga, ON, Canada",25,25,25,"CAD",5,"5.0",5,"5.0",5,"5.0",5,"5.0","j481c305",1
"software-development-intern","Software Development Intern","Palo Alto, CA, USA",75,75,75,"USD",4,"4.0",4,"4.0",5,"5.0",5,"5.0","j482c1",1
"software-developer","Software Developer","Kitchener, ON, Canada",23,23,23,"CAD",5,"5.0",5,"5.0",5,"5.0",5,"5.0","j483c306",1
"software-developer","Software Developer","Toronto, ON, Canada",0,0,0,"CAD",5,"5.0",5,"5.0",5,"5.0",5,"5.0","j484c84",1
"software-engineering-intern","Software Engineering Intern","Redmond, WA, USA",45,48,46,"USD",9,"4.5",10,"5.0",7,"3.5",10,"5.0","j495c27",2
"software-engineering-intern","Software Engineering Intern","San Francisco, CA, USA",41,41,41,"USD",5,"5.0",5,"5.0",5,"5.0",5,"5.0","j486c307",1
"software-developer-android","Software Developer Android","Toronto, ON, Canada",30,30,30,"CAD",5,"5.0",5,"5.0",4,"4.0",5,"5.0","j487c61",1
"software-development-engineering","Software Development Engineering","Sunnyvale, CA, USA",38,38,38,"USD",10,"5.0",10,"5.0",9,"4.5",10,"5.0","j476c57",2
"software-developer","Software Developer","Oakville, ON, Canada",21,21,21,"CAD",6,"3.0",4,"2.0",6,"3.0",8,"4.0","j511c323",2
"fullstack-engineer-web-team","Full Stack Engineer Web Team","San Francisco, CA, USA",43,43,43,"USD",4,"4.0",5,"5.0",4,"4.0",5,"5.0","j491c152",1
"software-engineering-intern","Software Engineering Intern","Somerville, MA, USA",25,25,25,"USD",5,"5.0",3,"3.0",3,"3.0",5,"5.0","j492c310",1
"full-stack-developer-coop","Full Stack Developer Co Op","Toronto, ON, Canada",18,18,18,"CAD",5,"5.0",5,"5.0",4,"4.0",5,"5.0","j493c311",1
"data-scientist","Data Scientist","Toronto, ON, Canada",26,26,26,"CAD",3,"3.0",3,"3.0",2,"2.0",5,"5.0","j505c272",1
"software-engineering-intern","Software Engineering Intern","San Mateo, CA, USA",40,40,40,"USD",5,"5.0",5,"5.0",5,"5.0",5,"5.0","j507c320",1
"software-developer-coop","Software Developer Co Op","Mississauga, ON, Canada",19,19,19,"CAD",4,"4.0",5,"5.0",4,"4.0",5,"5.0","j496c313",1
"fullstack-engineer-coop","Full Stack Engineer Co Op","Toronto, ON, Canada",33,33,33,"CAD",5,"5.0",5,"5.0",5,"5.0",5,"5.0","j497c314",1
"business-technology-analyst","Business Technology Analyst","Toronto",22,22,22,"CAD",3,"3.0",3,"3.0",3,"3.0",2,"2.0","j498c135",1
"software-developer-coop","Software Developer Co Op","Ottawa, ON, Canada",21,21,21,"CAD",3,"3.0",2,"2.0",2,"2.0",5,"5.0","j499c186",1
"java-developer","Java Developer","Mississauga, ON, Canada",22,22,22,"CAD",5,"5.0",5,"5.0",4,"4.0",5,"5.0","j500c315",1
"software-development-intern","Software Development Intern","Toronto, ON, Canada",25,25,25,"CAD",3,"3.0",3,"3.0",3,"3.0",4,"4.0","j501c316",1
"software-engineer","Software Engineer","Toronto, ON, Canada",15,15,15,"CAD",2,"2.0",1,"1.0",2,"2.0",2,"2.0","j502c317",1
"software-engineering-intern","Software Engineering Intern","San Mateo, CA, USA",30,30,30,"USD",4,"4.0",4,"4.0",4,"4.0",5,"5.0","j503c318",1
"fullstack-developer-intern","Fullstack Developer Intern","Ottawa, ON, Canada",18,18,18,"CAD",4,"4.0",5,"5.0",4,"4.0",4,"4.0","j504c319",1
"junior-quality-assurance","Junior Quality Assurance","Ottawa, ON, Canada",0,0,0,,0,"0.0",0,"0.0",0,"0.0",0,"0.0","j494c312",0
"quality-assurance-technician","Quality Assurance Technician","Winnipeg, MB, Canada",13,13,13,"CAD",1,"1.0",1,"1.0",1,"1.0",2,"2.0","j506c253",1
"software-engineer","Software Engineer","Palo Alto, CA, USA",35,35,35,"USD",10,"5.0",9,"4.5",10,"5.0",10,"5.0","j478c303",2
"mechanical-engineering","Mechanical Engineering","Guelph, ON, Canada",0,0,0,"CAD",4,"4.0",4,"4.0",3,"3.0",3,"3.0","j508c321",1
"automation-designer-mechanical","Automation Designer Mechanical","Cambridge, ON, Canada",0,0,0,"CAD",4,"4.0",4,"4.0",4,"4.0",4,"4.0","j509c322",1
"software-developer-intern","Software Developer Intern","Toronto, ON, Canada",30,30,30,"CAD",4,"4.0",5,"5.0",4,"4.0",5,"5.0","j510c40",1
"software-engineering-consultant","Software Engineering Consultant","Toronto, ON, Canada",25,25,25,"CAD",15,"5.0",15,"5.0",15,"5.0",15,"5.0","j479c118",3
"electrical-coop","Electrical Co Op","Mississauga, ON, Canada",6,6,6,"CAD",4,"4.0",4,"4.0",3,"3.0",5,"5.0","j512c324",1
"software-engineer","Software Engineer","Toronto, ON, Canada",20,20,20,"CAD",5,"5.0",5,"5.0",5,"5.0",5,"5.0","j513c325",1
"qa-tester","QA Tester","Waterloo, ON, Canada",17,17,17,"CAD",4,"4.0",4,"4.0",2,"2.0",4,"4.0","j514c279",1
"research-assistant","Research Assistant","Toronto, ON, Canada",20,20,20,"CAD",3,"3.0",1,"1.0",3,"3.0",5,"5.0","j515c70",1
"software-engineer","Software Engineer","San Francisco, CA, USA",52,52,52,"USD",5,"5.0",4,"4.0",5,"5.0",4,"4.0","j516c326",1
"software-developer","Software Developer","North York",28,28,28,"CAD",2,"2.0",3,"3.0",1,"1.0",2,"2.0","j517c327",1
"software-engineer-intern","Software Engineer Intern","Irvine, CA, USA",42,42,42,"USD",5,"5.0",5,"5.0",4,"4.0",5,"5.0","j518c17",1
"trading-products-quantitative-analyst","Trading Products Quantitative Analyst","Toronto, ON, Canada",41,41,41,"CAD",1,"1.0",1,"1.0",1,"1.0",2,"2.0","j536c133",1
"mobile-applications-developer","Mobile Applications Developer","Toronto, ON, Canada",18,18,18,"CAD",5,"5.0",4,"4.0",5,"5.0",4,"4.0","j519c328",1
"full-stack-software-engineer","Full Stack Software Engineer","Santa Clara, CA, USA",53,53,53,"USD",5,"5.0",4,"4.0",4,"4.0",5,"5.0","j537c30",1
"software-engineering-intern","Software Engineering Intern","Vancouver, BC, Canada",47,47,47,"CAD",5,"5.0",5,"5.0",5,"5.0",5,"5.0","j522c60",1
"software-engineer-intern","Software Engineer Intern","San Francisco, CA, USA",40,40,40,"USD",5,"5.0",4,"4.0",5,"5.0",1,"1.0","j523c329",1
"qa-automation-engineer","QA Automation Engineer","Toronto, ON, Canada",18,18,18,"CAD",4,"4.0",5,"5.0",4,"4.0",3,"3.0","j524c311",1
"mobile-developer","Mobile Developer","Kitchener, ON, Canada",28,28,28,"CAD",4,"4.0",2,"2.0",4,"4.0",5,"5.0","j525c212",1
"db2-qa-developer","Db2 QA Developer","Markham, ON, Canada",21,21,21,"CAD",2,"2.0",2,"2.0",2,"2.0",4,"4.0","j526c84",1
"product-coordinator","Product Coordinator","Toronto, ON, Canada",23,23,23,"CAD",5,"5.0",5,"5.0",5,"5.0",5,"5.0","j527c330",1
"software-engineering-intern","Software Engineering Intern","San Francisco, CA, USA",46,50,49,"USD",12,"4.0",13,"4.3",11,"3.7",15,"5.0","j553c58",3
"data-engineering-intern","Data Engineering Intern","Ottawa, ON, Canada",35,35,35,"CAD",5,"5.0",5,"5.0",5,"5.0",5,"5.0","j528c40",1
"software-engineering-intern","Software Engineering Intern","Ottawa, ON, Canada",21,21,21,"CAD",5,"5.0",5,"5.0",5,"5.0",5,"5.0","j529c186",1
"python-developer","Python Developer","Toronto",28,28,28,"CAD",4,"4.0",4,"4.0",4,"4.0",5,"5.0","j530c71",1
"backend-software-engineering","Backend Software Engineering","Redwood City, CA, USA",47,47,47,"USD",4,"4.0",5,"5.0",3,"3.0",5,"5.0","j531c166",1
"software-developer-intern","Software Developer Intern","Montreal",30,30,30,"CAD",3,"3.0",1,"1.0",3,"3.0",5,"5.0","j532c40",1
"full-stack-developer","Full Stack Developer","Kitchener, ON, Canada",28,28,28,"CAD",9,"4.5",8,"4.0",9,"4.5",10,"5.0","j520c212",2
"applications-solutions-architect","Applications Solutions Architect","Toronto, ON, Canada",19,19,19,"CAD",4,"4.0",5,"5.0",2,"2.0",5,"5.0","j534c228",1
"innovation-developer","Innovation Developer","Toronto, ON, Canada",26,26,26,"CAD",5,"5.0",5,"5.0",4,"4.0",5,"5.0","j535c176",1
"software-engineer-intern","Software Engineer Intern","Bellevue",44,44,44,"CAD",5,"5.0",5,"5.0",5,"5.0",5,"5.0","j538c38",1
"software-engineer-intern","Software Engineer Intern","Toronto, ON, Canada",19,19,19,"CAD",5,"5.0",5,"5.0",5,"5.0",5,"5.0","j539c198",1
"software-developer","Software Developer","New York, NY, USA",33,33,33,"USD",5,"5.0",5,"5.0",5,"5.0",5,"5.0","j540c332",1
"software-developer-intern","Software Developer Intern","Kitchener, ON, Canada",24,24,24,"CAD",5,"5.0",5,"5.0",4,"4.0",5,"5.0","j545c83",1
"software-developer","Software Developer","Waterloo",22,22,22,"CAD",5,"5.0",4,"4.0",4,"4.0",5,"5.0","j546c333",1
"full-stack-software-engineer","Full Stack Software Engineer","Waterloo, ON, Canada",0,0,0,,0,"0.0",0,"0.0",0,"0.0",0,"0.0","j541c66",0
"firmware-engineer","Firmware Engineer","Palo Alto, CA, USA",28,28,28,"USD",4,"4.0",5,"5.0",5,"5.0",4,"4.0","j542c220",1
"back-end-intern","Back End Intern","Toronto, ON, Canada",14,14,14,"CAD",1,"1.0",2,"2.0",2,"2.0",1,"1.0","j543c297",1
"sde-intern","SDE Intern","Toronto, ON, Canada",0,0,0,,0,"0.0",0,"0.0",0,"0.0",0,"0.0","j544c95",0
"software-developer","Software Developer","Toronto",28,28,28,"CAD",5,"5.0",5,"5.0",5,"5.0",5,"5.0","j547c334",1
"software-engineering-intern","Software Engineering Intern","Austin, TX, USA",27,27,27,"USD",5,"5.0",5,"5.0",5,"5.0",5,"5.0","j548c261",1
"software-developer","Software Developer","Vancouver, BC, Canada",20,25,23,"CAD",9,"3.0",8,"2.7",6,"2.0",10,"3.3","j521c111",3
"audio-software-engineer","Audio Software Engineer","Vancouver, BC, Canada",36,36,36,"CAD",5,"5.0",1,"1.0",4,"4.0",5,"5.0","j550c27",1
"software-engineering-intern","Software Engineering Intern","San Francisco, CA, USA",39,39,39,"USD",3,"3.0",2,"2.0",2,"2.0",5,"5.0","j551c28",1
"software-engineer-intern","Software Engineer Intern","San Francisco, CA, USA",64,64,64,"USD",5,"5.0",5,"5.0",5,"5.0",4,"4.0","j552c336",1
"software-engineering-intern","Software Engineering Intern","New York, NY, USA",45,45,45,"USD",10,"5.0",10,"5.0",10,"5.0",8,"4.0","j549c335",2
"software-engineering-intern-3d-team","Software Engineering Intern (3D Team)","Oslo, Norway",250,250,250,"NOK",5,"5.0",5,"5.0",5,"5.0",5,"5.0","j554c337",1
"fullstack-software-developer","Fullstack Software Developer","Toronto",36,36,36,"CAD",5,"5.0",5,"5.0",5,"5.0",5,"5.0","j555c95",1
"software-engineering-intern","Software Engineering Intern","San Francisco, CA, USA",49,49,49,"USD",5,"5.0",5,"5.0",5,"5.0",5,"5.0","j556c24",1
"mobile-application-developer","Mobile Application Developer","Burlington, ON, Canada",27,27,27,"CAD",4,"4.0",4,"4.0",4,"4.0",4,"4.0","j557c338",1
"ecommerce-analyst","Ecommerce Analyst","Toronto, ON, Canada",18,18,18,"CAD",4,"4.0",5,"5.0",4,"4.0",5,"5.0","j558c339",1
"software-developer-intern","Software Developer Intern","Toronto, ON, Canada",18,21,20,"CAD",10,"5.0",8,"4.0",9,"4.5",10,"5.0","j533c331",2
"software-engineering-intern","Software Engineering Intern","San Francisco, CA, USA",44,44,44,"USD",4,"4.0",5,"5.0",4,"4.0",5,"5.0","j562c334",1
"communications-assistant","Communications Assistant","Gatineau, QC, Canada",18,18,18,"CAD",3,"3.0",4,"4.0",3,"3.0",5,"5.0","j563c340",1
"research-scientist","Research Scientist","Burnaby, BC, Canada",19,19,19,"CAD",4,"4.0",4,"4.0",5,"5.0",4,"4.0","j564c341",1
"full-stack-developer","Full Stack Developer","Toronto, ON, Canada",36,36,36,"CAD",3,"3.0",5,"5.0",3,"3.0",5,"5.0","j565c65",1
"associate-relationship-manager","Associate Relationship Manager","Toronto",18,18,18,"CAD",3,"3.0",2,"2.0",5,"5.0",2,"2.0","j566c242",1
"data-scientist","Data Scientist","Redwood City, CA, USA",51,51,51,"USD",5,"5.0",4,"4.0",5,"5.0",5,"5.0","j567c13",1
"software-engineering-intern","Software Engineering Intern","Montreal, QC, Canada",32,32,32,"CAD",4,"4.0",4,"4.0",3,"3.0",5,"5.0","j584c347",1
"software-engineer","Software Engineer","Kitchener, ON, Canada",23,23,23,"CAD",3,"3.0",3,"3.0",3,"3.0",5,"5.0","j568c316",1
"software-developer","Software Developer","Waterloo, ON, Canada",20,20,20,"CAD",5,"5.0",5,"5.0",5,"5.0",5,"5.0","j592c351",1
"full-stack-developer","Full Stack Developer","Waterloo, ON, Canada",28,28,28,"CAD",5,"5.0",5,"5.0",5,"5.0",5,"5.0","j570c212",1
"ios-developer","iOS Developer","Toronto, ON, Canada",22,22,22,"CAD",4,"4.0",3,"3.0",4,"4.0",5,"5.0","j571c136",1
"software-developer","Software Developer","New York",69,69,69,"CAD",5,"5.0",5,"5.0",5,"5.0",5,"5.0","j572c8",1
"software-engineer-intern","Software Engineer Intern","Boston, MA, USA",38,38,38,"USD",3,"3.0",3,"3.0",3,"3.0",5,"5.0","j573c170",1
"solutions-developer","Solutions Developer","Mississauga, ON, Canada",25,25,25,"CAD",2,"2.0",2,"2.0",3,"3.0",1,"1.0","j574c164",1
"software-engineering-intern","Software Engineering Intern","San Francisco, CA, USA",44,44,44,"USD",4,"4.0",5,"5.0",5,"5.0",5,"5.0","j575c342",1
"data-scientist","Data Scientist","Waterloo, ON, Canada",23,23,23,"CAD",4,"4.0",3,"3.0",5,"5.0",5,"5.0","j576c39",1
"software-developer-intern","Software Developer Intern","Mississauga, ON, Canada",19,19,19,"CAD",3,"3.0",4,"4.0",3,"3.0",4,"4.0","j577c343",1
"software-engineer-intern","Software Engineer Intern","New York, NY, USA",47,47,47,"USD",4,"4.0",3,"3.0",2,"2.0",5,"5.0","j578c344",1
"software-developer","Software Developer","Waterloo, ON, Canada",18,18,18,"CAD",4,"4.0",4,"4.0",4,"4.0",4,"4.0","j579c279",1
"bluemix-devop-software-developer","Bluemix Devop Software Developer","Markham, ON, Canada",25,25,25,"CAD",4,"4.0",3,"3.0",4,"4.0",5,"5.0","j580c84",1
"software-test-developer","Software Test Developer","Waterloo, ON, Canada",23,23,23,"CAD",3,"3.0",4,"4.0",2,"2.0",4,"4.0","j581c345",1
"software-engineering-intern","Software Engineering Intern","Guelph, ON, Canada",27,27,27,"CAD",5,"5.0",4,"4.0",5,"5.0",5,"5.0","j582c346",1
"software-tools-developer","Software Tools Developer","Waterloo, ON, Canada",19,19,19,"CAD",4,"4.0",5,"5.0",4,"4.0",4,"4.0","j583c62",1
"deep-learning-intern","Deep Learning Intern","美国加利福尼亚州旧金山",30,30,30,"USD",5,"5.0",5,"5.0",5,"5.0",3,"3.0","j585c348",1
"ios-developer","iOS Developer","Toronto, ON, Canada",35,35,35,"CAD",5,"5.0",5,"5.0",5,"5.0",5,"5.0","j586c290",1
"audit-associate","Audit Associate","London, ON, Canada",20,20,20,"CAD",4,"4.0",4,"4.0",3,"3.0",5,"5.0","j593c352",1
"software-test-engineer","Software Test Engineer","Toronto, ON, Canada",29,29,29,"CAD",5,"5.0",5,"5.0",4,"4.0",5,"5.0","j587c334",1
"software-engineering-intern","Software Engineering Intern","Santa Clara, CA, USA",50,53,52,"USD",10,"5.0",10,"5.0",10,"5.0",10,"5.0","j569c30",2
"software-engineering-intern","Software Engineering Intern","San Francisco, CA, USA",53,53,53,"USD",4,"4.0",5,"5.0",3,"3.0",5,"5.0","j588c104",1
"software-engineering-intern","Software Engineering Intern","San Francisco, CA, USA",69,69,69,"USD",5,"5.0",5,"5.0",5,"5.0",5,"5.0","j589c3",1
"software-developer-systems-team","Software Developer Systems Team","Newmarket, ON, Canada",22,22,22,"CAD",4,"4.0",4,"4.0",4,"4.0",5,"5.0","j590c349",1
"software-engineering-intern","Software Engineering Intern","Toronto",38,38,38,"CAD",5,"5.0",5,"5.0",4,"4.0",5,"5.0","j591c350",1
"3d-programmer-intern","3D Programmer Intern","Toronto, ON, Canada",35,35,35,"CAD",5,"5.0",5,"5.0",5,"5.0",5,"5.0","j594c353",1
"business-intelligence-developer","Business Intelligence Developer","Toronto, ON, Canada",18,18,18,"CAD",5,"5.0",4,"4.0",5,"5.0",5,"5.0","j597c355",1
"software-engineer-intern","Software Engineer Intern","Toronto, ON, Canada",27,27,27,"CAD",5,"5.0",5,"5.0",3,"3.0",5,"5.0","j596c238",1
"infrastructure-engineer-intern","Infrastructure Engineer Intern","San Francisco, CA, USA",55,55,55,"USD",5,"5.0",5,"5.0",5,"5.0",5,"5.0","j598c354",1
"software-engineering-intern","Software Engineering Intern","San Francisco",41,41,41,"USD",5,"5.0",5,"5.0",5,"5.0",5,"5.0","j599c12",1
"accountant","Accountant","Toronto, ON, Canada",15,15,15,"CAD",2,"2.0",4,"4.0",3,"3.0",1,"1.0","j600c356",1
"quality-engineer","Quality Engineer","Toronto, ON, Canada",0,0,0,"CAD",4,"4.0",4,"4.0",3,"3.0",5,"5.0","j601c357",1
"cloud-software-engineering-intern","Cloud Software Engineering Intern","Santa Clara, CA, USA",60,60,60,"USD",5,"5.0",4,"4.0",4,"4.0",4,"4.0","j602c30",1
"software-engineering-intern","Software Engineering Intern","San Francisco, CA, USA",55,55,55,"USD",5,"5.0",5,"5.0",4,"4.0",5,"5.0","j595c354",1
"software-developer-coop","Software Developer Co Op","Toronto, ON, Canada",22,22,22,"CAD",4,"4.0",4,"4.0",5,"5.0",5,"5.0","j603c313",1
"android-developer","Android Developer","Toronto",26,26,26,"CAD",4,"4.0",5,"5.0",4,"4.0",4,"4.0","j604c136",1
"machine-learning-coop","Machine Learning Co Op","Vancouver, BC, Canada",56,56,56,"CAD",3,"3.0",3,"3.0",3,"3.0",3,"3.0","j606c359",1
"java-developer-intern","Java Developer Intern","Toronto, ON, Canada",25,25,25,"CAD",5,"5.0",5,"5.0",5,"5.0",5,"5.0","j605c358",1
"software-developer","Software Developer","Kitchener, ON, Canada",18,18,18,"CAD",4,"4.0",4,"4.0",3,"3.0",5,"5.0","j607c191",1
"software-engineer","Software Engineer","Vancouver, BC, Canada",26,26,26,"CAD",4,"4.0",4,"4.0",3,"3.0",5,"5.0","j608c268",1
"software-engineering-intern","Software Engineering Intern","Toronto, ON, Canada",23,23,23,"CAD",4,"4.0",4,"4.0",2,"2.0",3,"3.0","j609c175",1
"developer-intern","Developer Intern","San Francisco, CA, USA",0,0,0,,0,"0.0",0,"0.0",0,"0.0",0,"0.0","j610c360",0
"software-developer-analytics","Software Developer, Analytics","Ottawa, ON, Canada",23,23,23,"CAD",5,"5.0",5,"5.0",4,"4.0",5,"5.0","j611c361",1
"security-product-manager","Security Product Manager","Waterloo, ON, Canada",25,25,25,"CAD",5,"5.0",5,"5.0",5,"5.0",4,"4.0","j613c62",1
"uiux-designer","UI/UX Designer","Kitchener, ON, Canada",28,28,28,"CAD",9,"4.5",6,"3.0",9,"4.5",10,"5.0","j627c212",2
"deep-learning-engineer","Deep Learning Engineer","Toronto, ON, Canada",26,26,26,"CAD",5,"5.0",5,"5.0",5,"5.0",5,"5.0","j615c362",1
"analyst-investment-finance","Analyst, Investment Finance","Toronto, ON, Canada",22,22,22,"CAD",5,"5.0",3,"3.0",5,"5.0",5,"5.0","j616c363",1
"research-assistant","Research Assistant","Waterloo, ON, Canada",16,16,16,"CAD",3,"3.0",1,"1.0",3,"3.0",5,"5.0","j617c364",1
"software-engineering-intern","Software Engineering Intern","Toronto, ON, Canada",34,34,34,"CAD",4,"4.0",5,"5.0",3,"3.0",5,"5.0","j618c95",1
"platform-engineer","Platform Engineer","Toronto, ON, Canada",43,43,43,"CAD",5,"5.0",5,"5.0",5,"5.0",5,"5.0","j620c365",1
"full-stack-software-engineering-intern","Full Stack Software Engineering Intern","Mountain View, CA, USA",30,30,30,"USD",5,"5.0",5,"5.0",5,"5.0",5,"5.0","j621c366",1
"software-engineering","Software Engineering","New York, NY, USA",50,50,50,"USD",5,"5.0",5,"5.0",5,"5.0",5,"5.0","j622c367",1
"software-engineering-intern","Software Engineering Intern","Toronto, ON, Canada",34,34,34,"CAD",5,"5.0",5,"5.0",4,"4.0",5,"5.0","j638c350",1
"software-engineering-intern","Software Engineering Intern","New York, NY, USA",49,49,49,"USD",5,"5.0",5,"5.0",5,"5.0",4,"4.0","j623c2",1
"software-engineering-intern","Software Engineering Intern","Toronto, ON, Canada",36,36,36,"CAD",5,"5.0",5,"5.0",5,"5.0",5,"5.0","j624c368",1
"software-engineer","Software Engineer","Cambridge, ON, Canada",25,25,25,"CAD",5,"5.0",3,"3.0",5,"5.0",5,"5.0","j625c369",1
"software-experience-labs-student","Software Experience Labs Student","Mississauga, ON, Canada",19,19,19,"CAD",5,"5.0",5,"5.0",4,"4.0",5,"5.0","j626c62",1
"uiux-designer","UI/UX Designer","Waterloo, ON, Canada",30,30,30,"CAD",5,"5.0",5,"5.0",5,"5.0",5,"5.0","j628c100",1
"data-engineering","Data Engineering","San Francisco, CA, USA",63,63,63,"USD",5,"5.0",4,"4.0",5,"5.0",5,"5.0","j629c370",1
"ios-developer","iOS Developer","Toronto, ON, Canada",33,33,33,"CAD",4,"4.0",4,"4.0",5,"5.0",5,"5.0","j639c377",1
"business-intelligence-developer","Business Intelligence Developer","টরন্টো, অন্টারিও, কানাডা",35,35,35,"CAD",5,"5.0",4,"4.0",5,"5.0",5,"5.0","j631c176",1
"software-developer","Software Developer","Waterloo, ON, Canada",27,27,27,"CAD",5,"5.0",4,"4.0",5,"5.0",5,"5.0","j632c372",1
"business-intelligence-developer","Business Intelligence Developer","Toronto",0,0,0,,0,"0.0",0,"0.0",0,"0.0",0,"0.0","j630c371",0
"portfolio-analytics","Portfolio Analytics","Toronto, ON, Canada",25,25,25,"CAD",5,"5.0",5,"5.0",5,"5.0",5,"5.0","j633c373",1
"software-engineering","Software Engineering","Toronto, ON, Canada",26,26,26,"CAD",5,"5.0",5,"5.0",5,"5.0",4,"4.0","j634c374",1
"software-engineering-intern","Software Engineering Intern","San Francisco, CA, USA",53,53,53,"USD",5,"5.0",5,"5.0",5,"5.0",5,"5.0","j635c34",1
"software-development-intern","Software Development Intern","Toronto, ON, Canada",22,22,22,"CAD",3,"3.0",3,"3.0",5,"5.0",5,"5.0","j636c375",1
"software-developer-intern","Software Developer Intern","Montreal, QC, Canada",0,0,0,,0,"0.0",0,"0.0",0,"0.0",0,"0.0","j619c40",0
"software-engineering-intern","Software Engineering Intern","Pittsburgh, PA, USA",44,44,44,"USD",5,"5.0",5,"5.0",5,"5.0",5,"5.0","j637c376",1
"intern-software-engineer","Intern Software Engineer","Toronto",29,29,29,"CAD",5,"5.0",5,"5.0",5,"5.0",5,"5.0","j640c198",1
"data-science-intern","Data Science Intern","San Francisco, CA, USA",44,44,44,"USD",5,"5.0",4,"4.0",5,"5.0",5,"5.0","j641c334",1
"software-engineering-inten","Software Engineering Inten","Seattle, WA, USA",69,69,69,"USD",5,"5.0",5,"5.0",3,"3.0",5,"5.0","j642c26",1
"software-engineering","Software Engineering","San Francisco, CA, USA",55,55,55,"USD",5,"5.0",5,"5.0",5,"5.0",5,"5.0","j643c378",1
"software-developer","Software Developer","Waterloo, ON, Canada",18,18,18,"CAD",5,"5.0",5,"5.0",4,"4.0",5,"5.0","j644c379",1
"software-engineer","Software Engineer","Toronto, ON, Canada",29,29,29,"CAD",5,"5.0",4,"4.0",4,"4.0",5,"5.0","j645c133",1
"product-design-prototyping-intern","Product Design & Prototyping Intern","Mountain View, CA, USA",34,34,34,"USD",4,"4.0",4,"4.0",4,"4.0",4,"4.0","j646c57",1
"user-research-intern","User Research Intern","San Francisco, CA, USA",55,55,55,"USD",5,"5.0",5,"5.0",5,"5.0",4,"4.0","j647c354",1
"server-developer","Server Developer","Kitchener, ON, Canada",28,28,28,"CAD",5,"5.0",5,"5.0",5,"5.0",5,"5.0","j648c203",1
"software-tester","Software Tester","Waterloo, ON, Canada",14,14,14,"CAD",2,"2.0",2,"2.0",1,"1.0",3,"3.0","j649c89",1
"software-engineer","Software Engineer","New York, NY, USA",50,50,50,"USD",1,"1.0",1,"1.0",1,"1.0",1,"1.0","j650c367",1
"software-engineering-intern","Software Engineering Intern","Toronto, ON, Canada",26,26,26,"CAD",5,"5.0",5,"5.0",5,"5.0",5,"5.0","j651c374",1
"platform-engineer","Platform Engineer","New York, NY, USA",50,50,50,"USD",5,"5.0",5,"5.0",4,"4.0",5,"5.0","j652c367",1
"devops-software-developer","DevOps Software Developer","Toronto, ON, Canada",0,0,0,,0,"0.0",0,"0.0",0,"0.0",0,"0.0","j614c133",0
"software-engineering-intern","Software Engineering Intern","Mountain View, CA, USA",56,56,56,"USD",10,"5.0",10,"5.0",10,"5.0",10,"5.0","j612c11",2
"software-engineering-intern","Software Engineering Intern","San Francisco, CA, USA",60,60,60,"USD",5,"5.0",5,"5.0",5,"5.0",3,"3.0","j653c26",1
"sde-intern","SDE Intern","美国华盛顿西雅图",0,0,0,,0,"0.0",0,"0.0",0,"0.0",0,"0.0","j654c26",0
"software-engineer","Software Engineer","San Francisco, CA, USA",52,52,52,"USD",1,"1.0",1,"1.0",2,"2.0",1,"1.0","j655c380",1
"vehicle-quality-engineering-intern","Vehicle Quality Engineering Intern","Fremont, CA, USA",28,28,28,"USD",4,"4.0",5,"5.0",5,"5.0",4,"4.0","j656c220",1
"engineering-intern","Engineering Intern","Toronto, ON, Canada",29,29,29,"CAD",5,"5.0",5,"5.0",5,"5.0",5,"5.0","j657c29",1
"research-intern","Research Intern","San Jose, CA, USA",57,57,57,"USD",5,"5.0",5,"5.0",5,"5.0",5,"5.0","j658c381",1
"software-engineering-intern","Software Engineering Intern","New York, NY, USA",49,50,49,"USD",10,"5.0",10,"5.0",10,"5.0",9,"4.5","j659c59",2
"software-developer","Software Developer","Mississauga, ON, Canada",21,21,21,"CAD",4,"4.0",4,"4.0",5,"5.0",4,"4.0","j660c382",1
"software-development-engineer-intern","Software Development Engineer Intern","Vancouver, BC, Canada",44,44,44,"CAD",4,"4.0",3,"3.0",5,"5.0",3,"3.0","j661c4",1
"full-stack-developer","Full Stack Developer","Toronto, ON, Canada",37,37,37,"CAD",5,"5.0",5,"5.0",5,"5.0",5,"5.0","j662c314",1
"full-stack-developer","Full Stack Developer","Kitchener, ON, Canada",28,28,28,"CAD",5,"5.0",5,"5.0",5,"5.0",5,"5.0","j663c383",1